aoa,cl,ma,re
16.25538318,1.3953053,0.146192971,255840.8765
17.30915526,1.3827674,0.149095083,259643.4228
18.41311712,1.4731798,0.149188761,299577.9371
11.45944386,1.4117053,0.143916722,433035.2247
16.03624533,1.4388262,0.14418131,282168.1535
13.42460519,1.5611239,0.148127768,371342.6547
0.30418067,0.39965199,0.148535306,346071.2681
10.06405941,1.3168512,0.1434127,261633.8525
16.61992617,1.4017115,0.147268846,300844.7202
16.14476593,1.468721,0.141372739,429568.3051
8.574518557,1.216985,0.149359076,434084.5314
16.29212673,1.5738072,0.148581079,375149.8727
19.208196,1.2659528,0.141956172,256318.0813
14.87321105,1.4883155,0.146149545,370898.4381
18.72954663,1.4987604,0.146903191,330873.4074
0.172536088,0.43779394,0.145249443,314430.0933
12.80327852,1.4232855,0.147118845,404048.8321
16.0790544,1.6744169,0.143194294,378943.1466
19.21111196,1.4109451,0.143090809,333591.5887
17.8140999,1.4415088,0.144696068,330826.0938
15.06874,1.6248631,0.148137153,307790.399
17.60657475,1.4728376,0.146873147,356086.8433
16.09826098,1.5804881,0.144083782,348139.9286
1.391017682,0.53712693,0.142315915,279339.2761
18.95569172,1.3525312,0.148448782,240059.3259
12.65351713,1.4179782,0.148890771,348280.4832
12.83453245,1.4480825,0.1443465,346963.6657
2.567573637,0.67120897,0.141575941,263191.9189
14.05380043,1.5711608,0.145959594,311286.111
10.62777833,1.3160322,0.147705581,206859.4753
18.2300233,1.5418395,0.149310189,255722.1282
13.31449615,1.5676244,0.148041225,355779.8785
17.3960691,1.4470783,0.145342711,360625.855
15.75615471,1.6171002,0.14229036,410879.2105
12.73459201,1.4233532,0.146149149,304187.3211
19.62532644,1.2891235,0.147667481,248275.3651
18.2922289,1.4960592,0.148848295,254539.6962
14.6007666,1.6008483,0.148654975,359724.1935
13.24716732,1.4223507,0.143392195,352163.2194
19.59253329,1.4436677,0.141597245,337263.7246
19.72305084,1.4766433,0.143875835,359299.1694
17.54451692,1.6242551,0.142956821,367115.1731
12.9207513,1.4177511,0.146334274,229012.2868
18.35014827,1.5460217,0.142867399,390152.9902
17.72720757,1.621109,0.143264444,396803.1645
18.63563758,1.5458174,0.14527876,326695.3311
14.10249024,1.5805116,0.14166736,425489.7804
12.19936644,1.3981159,0.142140657,278105.9665
14.31416162,1.5592942,0.143723763,343731.3512
19.78105647,1.4150877,0.142426379,365157.1593
15.12661106,1.4519959,0.143847123,296707.3225
16.20157208,1.5382274,0.142936722,206840.5489
17.74413117,1.5143427,0.145560243,357211.7015
17.63863194,1.5270669,0.146496693,267996.8854
18.31677928,1.4884392,0.146369156,344582.2878
16.47102704,1.5032839,0.14245283,286363.6915
19.59979401,1.5839119,0.143512029,413140.109
19.37474093,1.3632639,0.144089981,425121.9642
3.680881864,0.72966992,0.147025974,259964.5678
17.88195679,1.5245686,0.141400047,401497.1409
15.33489968,1.7145335,0.146569655,383250.7959
16.6389779,1.6123051,0.144654853,344215.9205
8.963971173,1.2553918,0.145616512,401908.299
14.43856068,1.6406281,0.146046882,325235.8062
2.138507551,0.61552062,0.142799659,301540.2803
14.45788927,1.5060494,0.146782149,208333.1245
14.58766927,1.4506078,0.143853819,286340.7772
13.23766214,1.457703,0.141578964,364872.3629
12.02393717,1.3870529,0.146761139,371796.3622
18.91147619,1.3329007,0.142751692,269217.3627
1.987093443,0.59963377,0.143475468,322858.1167
12.44270482,1.4584704,0.141101779,258403.5828
18.15808712,1.5996016,0.147734754,376667.3303
6.475363584,1.0217655,0.148067397,269492.8944
15.47727612,1.6234459,0.141339249,342211.1679
18.26274862,1.4088429,0.14360887,262306.6917
14.63977438,1.5101602,0.14833979,260257.5417
13.60132389,1.5536665,0.145268067,428156.2215
6.457389212,1.0209554,0.144683903,317031.0257
17.20742437,1.3245937,0.147593134,268237.2374
15.47416897,1.6111097,0.143641483,242400.1657
12.03918044,1.3215814,0.143361161,254879.2335
19.3039238,1.4032121,0.142210477,416103.2077
1.185800112,0.5396102,0.148192635,357436.7118
17.21243826,1.592477,0.142321394,281706.6194
5.110219388,0.89847754,0.147318419,397360.4418
13.62087987,1.3799423,0.141243689,215776.5081
13.78401127,1.4921589,0.143012909,366890.6142
12.08550925,1.377544,0.14806428,354740.9292
13.53984879,1.5395241,0.145952448,297614.9883
13.10289782,1.4925213,0.146177271,270523.616
13.44396188,1.4966473,0.149145519,272186.0841
13.32693995,1.5960236,0.143208494,337376.6056
16.57669048,1.5766122,0.144482807,264132.7322
19.86348209,1.4111426,0.148497898,293593.0048
19.39882889,1.1531467,0.142400893,273735.4734
0.227696994,0.38652144,0.148899822,252291.9251
15.27950507,1.6304393,0.145763834,421892.5678
19.12702733,1.6216248,0.144449339,387103.8079
17.74843355,1.5601136,0.145298723,432871.425
16.00501465,1.5276688,0.14131905,352458.4043
17.29354327,1.3465243,0.142098292,264438.4962
16.24976959,1.3019098,0.141882201,226545.3426
12.44630417,1.446216,0.147230552,419224.1033
19.2265838,1.5133984,0.149331272,318965.5983
12.77383044,1.4957312,0.149254619,370698.727
19.48089911,1.337869,0.146060795,337129.4122
19.16870983,1.412405,0.144587286,422508.3197
16.75671653,1.4975173,0.14861982,349982.1734
16.45927587,1.5163899,0.142680279,356123.3845
15.12818561,1.5514096,0.146024749,360040.3066
13.69406981,1.4875505,0.143262599,364991.6566
3.149942924,0.69611887,0.144914675,238188.1242
16.42679383,1.4601131,0.145746436,232316.5654
17.71882769,1.447696,0.146243713,214620.5533
18.41910696,1.2561875,0.149057956,372324.9244
12.3266028,1.4231025,0.142245857,412380.7326
14.70131126,1.5523968,0.147194176,390935.5012
16.44214091,1.5898166,0.146761616,232553.501
18.14802278,1.358314,0.147175845,241859.4914
18.63809694,1.4004204,0.143982235,425259.6233
14.44585734,1.3800325,0.146556591,236343.5045
17.73092594,1.6386614,0.147654337,335805.5785
13.77179517,1.46609,0.144431734,365438.1213
19.27871878,1.2307602,0.14236724,300646.568
15.60728858,1.3764784,0.145118714,215344.2843
18.04306291,1.369096,0.147739968,345980.9096
16.85475782,1.4728684,0.145867705,321703.5944
0.058113106,0.38707471,0.142622705,413674.4685
12.77543995,1.4297441,0.14236081,229692.3392
17.09442486,1.5051097,0.143323699,351981.5993
17.53290161,1.3627211,0.147754661,361231.0285
15.9444349,1.5800325,0.143194912,323218.6289
19.54420211,1.5440589,0.145978788,377644.5802
6.662181591,1.0197344,0.14451817,387472.9729
19.61343489,1.4350988,0.141989004,431280.1675
12.92629722,1.4617226,0.14420667,288121.3786
16.33755732,1.5258077,0.146398995,399881.1208
19.24975509,1.2723643,0.145924398,250245.7553
18.73630158,1.6066492,0.145128764,412679.289
17.05167959,1.4916635,0.146394193,225248.6533
18.65610489,1.3356518,0.142925847,241813.2875
12.34215635,1.4356784,0.144817403,358335.8609
15.64564774,1.3870894,0.141713741,210372.4839
4.245344219,0.84966233,0.146625545,296242.7376
1.457006358,0.54683648,0.144413484,230455.4633
18.23755003,1.3854623,0.141786454,396044.2671
18.45044944,1.4133955,0.147050282,388313.4512
17.39127816,1.3894168,0.145463466,312518.0685
15.39181288,1.4317668,0.148475702,282790.0791
13.90580231,1.468092,0.14836395,401482.9734
17.65863581,1.3600208,0.145613176,257893.0816
14.01098482,1.5363837,0.146388804,311548.1043
16.30964596,1.5235807,0.149313079,325013.3397
18.88307792,1.6455705,0.14554859,419360.2353
12.57700196,1.422504,0.147375336,206930.492
19.75471513,1.0267811,0.146676594,399763.1654
16.31228472,1.6373819,0.141347709,348595.0123
4.693767869,0.85636273,0.144636506,347723.2054
18.74556175,1.4137196,0.141935719,267740.8588
13.79880218,1.5347831,0.14684545,378611.1259
19.21591299,1.3619936,0.147944993,262387.939
17.48346068,1.6284736,0.141920727,421175.2344
12.32536519,1.401665,0.145385556,365207.8985
0.27658214,0.41647349,0.141471361,300530.0456
15.58362497,1.4259813,0.147777727,270993.6443
16.7797519,1.5240196,0.143309761,225966.2945
12.08266636,1.4125685,0.142530103,240396.9786
16.82049149,1.6033575,0.146544934,427739.0584
14.86570598,1.4686707,0.144742342,290364.4856
14.74891144,1.6171416,0.14314648,323502.0087
16.43388937,1.5642057,0.145691661,320133.1229
9.313253219,1.2767698,0.141533833,259762.7254
17.94219066,1.5851243,0.144470841,432569.3922
19.52956715,1.4221226,0.143214855,306002.1196
2.043457374,0.61274336,0.145936862,244079.1577
13.13071164,1.5173109,0.143275033,236862.7648
18.12893568,1.4261491,0.148488199,276536.5819
18.36043591,1.5369071,0.14330669,357494.0223
16.7003814,1.3709078,0.145435641,205520.8213
15.0965519,1.4299727,0.145881806,274560.848
16.13712908,1.5318088,0.144946009,291391.147
17.57642956,1.4592454,0.146800809,348213.726
1.094198868,0.51496401,0.148040361,373264.169
14.59461549,1.5265606,0.146333212,310580.0555
10.30891118,1.2965397,0.142612899,265822.979
12.40641422,1.4720106,0.148001032,278364.2803
19.53352935,1.39249,0.147999885,288043.3372
19.09727261,1.6281912,0.143695622,327867.9589
19.5672335,1.5016606,0.144069834,289145.0163
12.45877552,1.3934831,0.145476999,210801.6461
15.39393344,1.5991004,0.148135486,431556.2019
14.83739725,1.5047255,0.145838602,376367.2963
13.85280015,1.4886253,0.146835051,345624.1784
17.34222454,1.5336265,0.142806476,418373.5694
15.19906149,1.5306246,0.14424462,307354.3848
19.27133303,1.4218916,0.147396103,254212.8675
17.10517389,1.5711912,0.146221866,361750.8959
1.633826046,0.58282303,0.143716305,358974.6814
16.53630462,1.4698153,0.144052283,383151.5068
13.44786377,1.48434,0.141786026,368508.1257
18.92568683,1.4785157,0.149264804,380272.4643
16.15356102,1.485838,0.149114247,373912.7965
14.46252461,1.5091386,0.142004295,367351.5115
17.25643871,1.5608494,0.147470066,272472.4052
17.59867888,1.5391904,0.149214432,304662.1665
15.18518187,1.4270745,0.142310091,235612.471
12.35767906,1.3783954,0.14739835,298986.4181
15.53612583,1.5123922,0.145062987,256334.4056
1.545139381,0.56227495,0.144383105,376503.2813
16.68295487,1.6420171,0.144422361,205939.8587
19.21724583,1.448668,0.141194973,360411.3028
15.44349751,1.6326678,0.141149802,427751.3706
13.93820541,1.5752742,0.14119402,269112.6917
19.14097622,1.3878479,0.143366859,311057.5833
14.50966707,1.5225178,0.146651017,220295.4812
10.7364713,1.300687,0.148585988,270301.8599
15.49744214,1.5560263,0.141939967,221085.2856
12.85678886,1.3918703,0.142348672,311693.7906
19.07051264,1.335525,0.147482373,259386.9167
16.70699613,1.2995627,0.145597262,267479.3782
13.11746507,1.4475461,0.142665069,339983.4821
15.45042657,1.6148862,0.141389939,392428.0771
16.30596172,1.4537393,0.147351357,383276.9749
14.15812533,1.5189369,0.146936459,397848.9868
4.807817334,0.84464462,0.148263197,265084.0904
15.86499986,1.5802379,0.144863521,414810.5946
19.28379915,1.2199172,0.145248727,258146.6555
0.346876513,0.41924606,0.144766651,252657.834
18.88425612,1.6040761,0.144493571,410695.8649
16.86608103,1.5250239,0.147802805,319424.6961
18.49621552,1.2625645,0.141265591,284699.7794
6.597952168,1.048944,0.141616864,247464.2392
15.03844623,1.6452056,0.149323617,358805.8675
16.2970657,1.5571805,0.141381384,370419.9375
13.27581762,1.533067,0.14634737,278772.6522
13.36128596,1.5468044,0.145008236,285560.1527
12.62826056,1.4095895,0.147421611,272410.4054
15.85344873,1.6097914,0.146908416,289324.9614
6.64373551,1.0076066,0.144764056,280929.3121
13.27037406,1.4463297,0.147263222,281060.0905
16.34729926,1.3212305,0.147733856,231045.0034
18.27940673,1.4323208,0.145806298,384201.079
0.122981188,0.40288777,0.149341754,338975.2579
15.3969498,1.4460926,0.144605446,266340.1261
13.90080218,1.5719515,0.14522264,335413.8647
12.97930054,1.4970522,0.146998303,305280.8139
12.43602826,1.4535265,0.148279439,408377.0424
12.49912692,1.4109475,0.14324108,234464.225
12.42852706,1.4298849,0.148374849,394665.9201
16.70828818,1.5759695,0.141613384,265427.5951
16.81968928,1.5657178,0.142052422,386025.3771
17.71522269,1.4502076,0.145139205,317469.4078
18.80560972,1.2641703,0.144186865,260662.7895
15.10794357,1.5545719,0.145277905,331805.7327
19.50370145,1.2619958,0.147525601,279024.4231
14.67946175,1.6304256,0.143056089,257741.1618
17.44298304,1.6158175,0.142656524,430698.4136
0.162312017,0.4312159,0.148171408,309098.0559
17.70478292,1.6113831,0.147912265,368547.9755
4.508364979,0.85229016,0.142188827,276234.2114
14.66814682,1.6361286,0.147303118,319086.4378
15.51582652,1.4714939,0.148731353,385321.9211
17.02493901,1.5165692,0.143050266,320709.4758
17.43301244,1.5566699,0.145303341,379136.1266
15.64804337,1.6077439,0.14497616,348076.9103
13.77330759,1.5287711,0.143566499,308956.1373
13.19869558,1.4967614,0.146004862,273317.2432
19.69117628,1.3588292,0.146889917,412062.141
14.42166592,1.4912756,0.145844086,297051.8658
18.77732545,1.4017826,0.144093069,339499.0581
19.50506368,1.3742775,0.14628419,340872.0246
15.73096738,1.5690223,0.147430505,334324.893
14.89046502,1.5268941,0.149377371,427250.549
2.168847252,0.6111936,0.142912124,263367.0565
12.74741326,1.3749058,0.147019031,226866.1833
9.086760289,1.2685921,0.147714103,405159.6279
18.11445973,1.5626325,0.145206077,404269.7858
18.78799655,1.4234127,0.144483826,370358.6789
14.39087503,1.6318774,0.142586722,433883.4033
12.53783707,1.443769,0.148959866,228249.2612
13.8717044,1.5572373,0.1411376,344312.5465
19.62093811,1.5367909,0.147673913,227182.0719
14.35213235,1.5105119,0.14662361,320394.039
12.86488215,1.5238181,0.146350931,362251.3561
3.863283199,0.81671272,0.147006032,413471.4003
18.46345603,0.90703411,0.148547722,216476.5153
13.88287915,1.4997284,0.147052463,421342.3573
16.31540655,1.5104081,0.142207276,274880.2993
16.32542498,1.4271688,0.148570194,356663.7327
15.45754407,1.5415383,0.147040181,337180.7587
13.16888499,1.482812,0.144372506,283731.955
16.00923033,1.5555915,0.146785328,289944.5105
12.98246746,1.4731044,0.144691018,245447.7743
3.445970549,0.75014139,0.143224686,217707.575
17.75112764,1.5662806,0.145588126,337708.279
15.07087764,1.653428,0.148077821,396588.9346
12.42320397,1.4414139,0.141952221,318327.986
12.45226574,1.4579521,0.146424079,391354.4003
15.04739195,1.5667182,0.142229979,330052.9425
6.977329295,1.0568447,0.148380641,245743.5291
16.0889369,1.4266071,0.141283809,346998.3171
13.5762196,1.5421726,0.144398337,324044.3645
18.40579938,1.5806996,0.146674927,349144.2085
18.2157944,1.6539211,0.145844902,345880.6649
12.33930941,1.4672535,0.143936947,410087.6989
13.36779371,1.4820425,0.14654796,234211.5828
7.469612125,1.1233869,0.142571011,263463.7809
18.35642474,1.3676686,0.143755437,424481.5969
19.49187165,1.2553265,0.142648212,335148.7231
12.64323581,1.4361285,0.142296083,270177.2195
14.8876324,1.5268974,0.148942313,258707.7958
16.31860452,1.5371006,0.141066606,265727.1972
18.50622503,1.5261452,0.148813479,404553.3606
16.59058117,1.588032,0.144217693,290274.5912
7.583051577,1.131008,0.143211674,228827.7152
13.46172884,1.4598418,0.149393018,274521.0422
19.19229943,1.3384519,0.147523741,372925.6951
16.44802179,1.5535848,0.142660576,336329.7151
12.67648189,1.4434441,0.143669301,416849.0906
14.65599709,1.5588633,0.14209493,331890.442
17.07246546,1.4140535,0.146308041,384419.2078
16.4551606,1.4840527,0.143442831,364071.4152
16.15811352,1.5354575,0.142567183,368232.3738
2.326586812,0.57217857,0.14663083,292356.5642
0.155795492,0.39533396,0.14612979,309419.6136
15.29445512,1.5715661,0.146839595,421621.5875
13.41514654,1.5068965,0.147041513,366961.3688
18.73942838,1.4987791,0.149092113,350808.5208
13.46870603,1.5604077,0.149300116,430948.211
7.02171514,1.0540918,0.143431064,324449.9412
12.5604699,1.4738068,0.149312044,214522.7796
13.62846124,1.558209,0.145267644,392287.7126
1.956772307,0.60913106,0.145113385,388559.3505
10.61336099,1.2629042,0.145884951,260146.6683
10.12114351,1.2345752,0.142846683,246056.2304
16.42873935,1.4291737,0.145189493,293145.2156
16.23762489,1.7214143,0.142640458,324948.516
19.24438056,1.5591212,0.146023168,279645.7049
1.479604554,0.53944767,0.144919368,259302.1318
14.76776075,1.4890544,0.140984571,318892.4674
19.02448512,1.3734538,0.145969348,230093.8701
15.83148403,1.6092718,0.148712442,262843.0986
12.05585866,1.4485155,0.147337517,421239.9712
15.58677273,1.6411481,0.145168683,415564.0089
19.42303768,1.2037076,0.143652933,432564.7057
15.88094514,1.5285266,0.144586383,427413.8223
14.38554358,1.4873086,0.142275697,351073.2915
12.22610649,1.4629386,0.142891477,427830.1077
19.34713621,1.4358977,0.142727198,267674.6038
18.98528905,1.29343,0.141805813,227617.33
16.22245907,1.4277032,0.14390079,219719.6621
13.9170585,1.5559584,0.14491721,250290.8188
0.001013345,0.40599906,0.143932188,318833.7073
15.63911959,1.5960511,0.142092355,328535.9215
18.83778965,1.4707613,0.147664728,418527.4202
15.34109831,1.599524,0.145883719,284048.5313
2.956039314,0.68480728,0.143556756,322329.1056
15.86069052,1.5077751,0.146590532,271840.7747
18.84960827,1.3282506,0.145490592,304861.3378
16.05985262,1.4478038,0.147827788,247984.8858
19.09374104,1.3491233,0.14539986,343907.4613
14.90861828,1.583535,0.142445089,343314.1887
15.03151287,1.5674497,0.14708271,219246.8473
17.48684611,1.6869982,0.14774874,407965.8308
14.92362696,1.5229673,0.142484585,330335.4562
16.12684334,1.4743133,0.148701542,314790.6129
18.60670137,1.527607,0.147018699,244488.2218
19.02901954,1.3015668,0.146811293,292624.0792
14.78713928,1.6133794,0.143964271,387814.2588
17.12245458,1.378769,0.141273913,211176.6637
5.061150385,0.89884855,0.143692834,383838.8953
14.77357776,1.5092069,0.144688261,335181.1826
11.40210046,1.2732694,0.145151546,278147.3207
13.04812862,1.3571299,0.14385839,247909.203
15.97141573,1.5505756,0.141108109,234306.2066
15.06282513,1.5303941,0.148014692,322452.7483
17.49558568,1.3044177,0.145742764,223236.6781
13.74014518,1.5350485,0.149390102,328632.6904
13.91978522,1.5849342,0.145888674,374421.455
19.1290973,1.4662215,0.144207676,362834.8651
2.989374284,0.67785638,0.146288911,237282.7707
15.55609449,1.4880703,0.14606369,216563.7046
19.24611702,1.4055141,0.149401843,334706.0467
15.13711617,1.6410222,0.145970075,396747.7126
17.61471497,1.5496337,0.146340162,433922.2186
15.35896526,1.508849,0.148044306,366164.4104
18.46608238,1.3549656,0.146178919,359323.1613
15.20317055,1.5626328,0.141519465,205878.6506
13.22525003,1.4928837,0.146913354,208405.5189
17.80997464,1.3515509,0.145503825,288212.3839
15.92701104,1.4896955,0.148341501,231957.6702
13.20684955,1.4896117,0.143388824,247718.3472
19.07632478,1.5540798,0.14423434,432451.3621
18.05308016,1.3379341,0.143464423,285843.0476
15.04534958,1.6066016,0.146971243,416689.7211
10.6985243,1.3684882,0.141028617,333621.0988
16.34400931,1.630437,0.144776551,350971.4353
12.39495508,1.4473523,0.145913825,219566.3264
15.77624528,1.5380509,0.146721468,227516.4169
17.84605502,1.4921566,0.141114777,284451.6821
11.77362943,1.4101537,0.142947963,404508.6881
16.55699871,1.6336492,0.145067609,412282.8373
18.17119132,1.6056875,0.142380015,434489.6851
17.2773234,1.4289624,0.147046195,260534.481
18.34034733,1.2289919,0.144596737,261589.8382
16.71839041,1.4967994,0.145221127,294616.2994
14.9893547,1.6583833,0.143204782,426779.7004
13.15002384,1.4878365,0.141623845,422242.3952
12.12886894,1.390177,0.146465234,394241.8716
15.6960688,1.4600336,0.147841528,383919.2931
13.6504281,1.5320159,0.147595607,350309.2853
14.81971279,1.5398982,0.147617387,309700.4534
0.863980815,0.46011309,0.145958879,222392.2676
17.85883174,1.5399612,0.14694238,344183.2347
0.139223398,0.43533455,0.143834408,404106.0878
14.41508358,1.572072,0.149381683,390770.7371
14.39727082,1.5132831,0.14677726,305635.4404
0.630317809,0.48803186,0.146305962,225534.4872
13.55479951,1.4485143,0.146189362,344334.1129
9.519511959,1.2679808,0.148723749,304402.7058
17.96137414,1.5735753,0.148625406,408989.8426
0.642117133,0.39969297,0.14904194,417388.023
12.13787778,1.4471048,0.141295765,242750.6608
14.1054177,1.5194821,0.147183312,351343.847
19.49912112,1.2113113,0.141012935,343831.6511
15.1423936,1.6470119,0.148424865,358104.4964
12.83253254,1.5304723,0.141683573,352710.7351
12.17223266,1.4269852,0.144745319,423579.3551
17.79290827,1.3771209,0.142126327,353387.9559
13.62561424,1.4682176,0.144097425,317940.4955
12.35573458,1.3981367,0.144099319,338181.693
1.241075281,0.51957005,0.144840286,221220.5645
12.46124423,1.4338863,0.142937669,369605.9718
18.70060969,1.4749162,0.142872043,412451.8664
19.979436,1.3830355,0.142209225,259830.2101
13.88869155,1.4701902,0.147168885,213811.9421
13.68602367,1.5517857,0.149272071,370016.3397
15.07830567,1.5226065,0.145501167,301912.7126
15.23245153,1.591446,0.149161252,290567.9367
10.96425175,1.3983119,0.143078834,388866.7074
17.31683309,1.3981777,0.144049949,297351.7537
15.29116093,1.6025879,0.145824004,291146.6581
18.57348183,1.3730666,0.144275256,406482.5665
17.17070116,1.4385986,0.141406775,214742.0637
17.06944061,1.5400926,0.146577012,402826.9285
17.53687019,1.4210581,0.141420686,403672.6169
14.8569868,1.5856723,0.147363003,344475.228
0.692265404,0.4481596,0.146670954,410936.5763
13.67153526,1.4612206,0.141789898,300328.6604
18.43975274,1.5662575,0.145043518,375643.6602
17.79142695,1.4977446,0.148988553,334973.1774
18.907845,1.2947155,0.148378616,257659.5257
14.14637681,1.4011147,0.143945532,230793.1408
14.52366923,1.5286969,0.14688289,321522.2915
18.39032918,1.5419941,0.144490668,422982.4967
17.38134857,1.6309174,0.144730193,342057.2798
12.27779629,1.451195,0.145037292,422954.9484
16.558573,1.6170538,0.141545975,430317.5035
12.60343848,1.4623777,0.143703909,363910.291
19.58470696,1.2213432,0.145997817,404003.2459
19.83861759,1.4923182,0.142569673,368262.2462
19.44582144,1.5476029,0.147021792,331556.5714
17.91380086,1.3861863,0.145126852,386234.6659
17.28941811,1.3788165,0.145826418,325019.2283
17.57397144,1.3396595,0.145375695,346674.5097
14.13605804,1.3814246,0.144539465,214475.684
14.72320803,1.6614432,0.140990868,401643.3694
15.95416426,1.628947,0.143514123,342160.8058
12.94504848,1.4719965,0.142869567,265523.9849
15.83707914,1.4131353,0.146074451,344272.5406
15.69343963,1.5025303,0.147428611,325860.3382
17.19022304,1.5592124,0.145331628,393808.5143
13.97725272,1.5176224,0.147585382,209855.1602
12.77957617,1.4898916,0.142702366,283647.8801
13.3538525,1.5534125,0.145572535,336592.9851
12.10007483,1.4358762,0.149307006,274989.1357
0.08251007,0.43077181,0.143002252,405041.9155
15.33885708,1.4851969,0.142809995,207416.1065
17.3737049,1.4802797,0.143786303,297964.4074
19.89215913,1.258722,0.147921104,232816.219
4.590076116,0.85358625,0.148157754,349037.8647
12.57863012,1.454145,0.142498712,419179.1836
12.43081358,1.4248956,0.142105546,320461.8109
15.27788405,1.5492507,0.142531145,356319.867
17.16202638,1.4950768,0.143380582,327297.087
12.50719669,1.5129412,0.146133762,384697.4176
14.20716835,1.5706058,0.142976161,256039.0154
16.93573192,1.5358179,0.148184562,290040.4036
14.12023037,1.4813822,0.146609469,305382.2702
16.15015148,1.6434809,0.145549419,297435.5394
14.6445879,1.5356912,0.145069244,289017.0894
14.37463052,1.4367613,0.142442482,217281.2198
17.35897675,1.6246637,0.149054232,376087.9672
8.578795376,1.1894967,0.145023095,303733.525
0.522666971,0.45151409,0.146753299,366501.5851
12.27905118,1.4519982,0.141878848,249136.2254
19.403303,1.1896373,0.145643742,221319.4744
1.85174457,0.61752347,0.141489218,282482.6102
13.38261767,1.5584433,0.143115641,367759.8349
14.70798543,1.4728753,0.146437196,343529.4861
12.68720689,1.4488327,0.143891887,316577.8957
18.71033695,1.2825795,0.142737429,339700.9826
17.36410128,1.3489265,0.142349332,218288.9949
17.13027787,1.579443,0.145830982,251623.8831
2.519767327,0.64857366,0.143676916,413198.7036
11.82902746,1.3617981,0.14629046,244904.7983
17.95320012,1.3065587,0.147926097,340392.2273
17.69925578,1.5620813,0.146803477,297791.6154
12.3000691,1.4485345,0.147823164,372447.5933
13.84727406,1.644034,0.149346861,432191.9966
2.718454241,0.6747507,0.144248977,212193.4279
15.78694992,1.5138875,0.149303626,213536.4379
19.3814172,1.3641587,0.14906219,347198.8633
18.85452406,1.3876718,0.147935529,316760.2399
15.63084667,1.4533683,0.144974253,370920.9281
16.35660838,1.5734999,0.146809285,337094.1661
13.04561057,1.4448586,0.14377371,286465.8851
17.15891139,1.51921,0.14154447,320675.5841
14.34437496,1.4110345,0.148607046,220725.5498
16.75167515,1.5265602,0.142519922,276766.9507
3.512430132,0.78702941,0.144266213,310932.4315
16.99830216,1.5098242,0.146934873,238241.8397
16.62815438,1.4841586,0.143847568,414165.6646
15.65847188,1.6735885,0.145285391,403853.0536
19.3174257,1.5287817,0.149017354,330247.13
19.46006079,1.4014023,0.14914389,342924.864
16.46906965,1.4395537,0.147493937,418262.1238
16.08200254,1.6041302,0.142036206,415546.6136
8.225105141,1.1772697,0.14492183,321036.2776
16.95390022,1.5013125,0.142605952,400698.5505
19.07368218,1.4910946,0.145545638,422194.323
17.26543902,1.4458718,0.143744432,210873.7656
13.49472843,1.4873838,0.144151802,407130.33
17.45529097,1.4150502,0.146212936,421935.3276
2.382208939,0.6414129,0.143157915,279461.5039
12.89999697,1.5366569,0.143086997,287335.5666
15.04368912,1.493769,0.141764338,328675.3011
13.61591255,1.5211499,0.141536287,239588.1535
18.93386385,1.4322702,0.14419197,322017.5255
13.89730084,1.4477561,0.14671445,369040.5073
16.93016514,1.4132216,0.148579456,387700.7625
15.74651109,1.5355318,0.142359286,384273.844
19.39344313,1.3723975,0.144731959,295064.6851
19.67718344,1.5432531,0.141712954,429068.6449
12.0653432,1.4573407,0.147570234,355457.355
14.6468618,1.5482679,0.147164186,263911.5566
1.646792133,0.55414685,0.144003824,227022.5323
9.207269341,1.2199946,0.147250456,402654.3115
9.03681789,1.1964134,0.148132633,247522.7451
14.47537771,1.5722239,0.147059119,426455.4833
13.86268377,1.5297114,0.149293994,304746.1454
15.68518671,1.5203971,0.142300806,371651.1579
14.27769291,1.6325983,0.147043075,370502.1447
12.02080549,1.4081977,0.144236614,232396.8947
18.56708594,1.504618,0.141945016,405308.8352
17.23299777,1.4913075,0.148645659,388143.0696
17.51062261,1.3171672,0.147838852,271244.1404
18.78170963,1.2681538,0.145001314,218766.2802
2.060479584,0.59977794,0.149176095,371403.5209
15.3889853,1.5400952,0.147095788,401000.5822
0.047808678,0.38404788,0.146124654,252470.2833
12.14249966,1.4179147,0.145417139,302975.1955
17.53980753,1.5778419,0.143092325,273123.8706
14.29719241,1.6332785,0.141154479,283906.7858
14.55998852,1.5824372,0.141349188,287501.3035
18.85193057,1.4027439,0.148457839,270973.8769
5.202942125,0.94651384,0.148740435,428344.4114
18.26859033,1.4279798,0.1442529,364382.8355
15.93481963,1.6670458,0.146444363,393424.129
19.28738333,1.5183568,0.144582097,380439.7707
17.75533581,1.6050037,0.147786165,367402.8647
18.97212333,1.4965407,0.14817424,393910.5799
19.30721029,1.6472889,0.14601098,387062.6082
19.95385751,1.5469976,0.144869965,368179.7494
8.879645918,1.243581,0.147408713,425190.7461
16.74582408,1.3345653,0.148855534,275548.8373
14.66690428,1.548899,0.142856649,250634.4257
16.97987553,1.5669117,0.143354366,267870.899
13.28211805,1.4964654,0.146405397,241355.1793
14.31658578,1.4406195,0.146633307,245248.3789
17.31442816,1.2586567,0.145494008,258965.2362
6.293345838,1.0466811,0.143628572,303643.6163
13.59060764,1.4562717,0.141594602,241188.0787
3.167064998,0.6936938,0.141470761,228492.9858
19.72615444,1.493908,0.144362766,323582.3684
3.038552538,0.70424569,0.145788385,277852.3538
12.20039143,1.4815595,0.148154775,247808.3708
12.00509509,1.3700008,0.147569192,212595.5821
17.57145197,1.3594193,0.141239613,209063.7873
17.18658518,1.4796229,0.141445427,215244.7031
15.27281984,1.416791,0.148543186,402763.6258
14.86710875,1.5322428,0.141884737,237538.246
18.79790503,1.6243202,0.145658763,381787.4511
15.66115864,1.5138985,0.141007936,429499.1282
13.7917513,1.5392815,0.143953991,210155.59
13.51315536,1.5147492,0.143280284,274240.031
15.01821768,1.3762045,0.145904132,236661.2746
12.41269704,1.4606283,0.148965589,329984.2729
13.80029791,1.5008481,0.143907917,256195.6211
19.90932425,1.0284956,0.143230968,254476.8882
15.02453833,1.5629177,0.147824777,415902.4249
14.6283873,1.5798821,0.147066229,259203.3389
16.77655637,1.5955205,0.143150721,368705.0824
19.8337639,1.3246948,0.148036189,399011.8308
12.00004433,1.4082081,0.142734478,382755.7376
13.36417595,1.544863,0.145055739,409576.7079
17.45055354,1.5000338,0.147312206,231690.8012
13.79217954,1.5533175,0.147296054,391431.1874
13.49939386,1.5086216,0.149378653,398075.02
16.09509701,1.5527814,0.143711903,373677.3895
19.55433161,1.5607813,0.144621905,413320.1655
16.3226321,1.3965052,0.143198864,413527.4236
18.84438083,1.5884396,0.147530191,282642.6939
19.23860759,1.4353306,0.146278462,276957.7005
17.47672024,1.5282098,0.143816194,428956.9123
18.92726347,1.2833813,0.144249586,232768.9238
5.841697201,0.92690923,0.14325099,257325.1398
1.845824806,0.57798599,0.14408073,393467.301
3.943426116,0.79177324,0.143030943,270050.7964
14.78250137,1.6164826,0.145887761,387454.79
2.265454022,0.63071526,0.142424494,403887.6141
14.34347145,1.5280317,0.148062431,411715.2001
13.31883852,1.5542932,0.147771505,299901.7443
12.30109753,1.4221912,0.148547968,398144.8659
17.26169169,1.5287875,0.144163385,296077.2491
9.042841096,1.2247857,0.149396678,368927.1767
13.5752536,1.5331807,0.145655991,359750.1845
4.889037946,0.85831726,0.148219246,312858.7918
1.204808048,0.52313211,0.142163314,372621.6014
14.59074647,1.5795658,0.147846615,434034.6783
1.949795962,0.58462579,0.146296509,321132.6821
16.34294785,1.5776741,0.14788381,373486.1204
19.91031188,1.2219677,0.14686922,359643.0177
14.53023639,1.5780186,0.147506246,300643.697
17.78369219,1.6500268,0.14346227,329958.2162
19.87044343,1.3017292,0.144308499,364543.0474
16.84749011,1.6472223,0.14375252,381208.332
15.11470092,1.5195063,0.141063041,263968.4031
4.023958619,0.80643298,0.148222606,205281.7038
17.73277309,1.4853503,0.144865317,300082.147
17.79615915,1.4041593,0.148643929,208487.492
0.500563709,0.44559294,0.141396003,343806.0034
15.87136186,1.5451935,0.145582281,366096.6675
17.94586714,1.408277,0.147894245,419097.5741
18.03389462,1.4902714,0.146439534,351863.6063
12.59082198,1.4373001,0.148113184,291452.1804
14.62216307,1.5600866,0.146432188,325161.2053
12.44919244,1.4194953,0.142829984,305349.9387
18.72652196,1.4744791,0.145300192,295638.4705
13.43061409,1.4788043,0.143136727,284187.1844
18.33867861,1.5144337,0.148166192,347397.4348
13.96511593,1.5790866,0.141004176,425799.3501
1.089672495,0.48126335,0.142023438,224783.2652
14.02725397,1.5725552,0.147234765,291983.3425
3.248490242,0.74261131,0.145188078,321842.6919
16.78832934,1.4355119,0.143573694,431290.8342
16.37567579,1.5648989,0.1473926,282216.9789
18.44744865,1.3730307,0.141777236,305592.7756
19.34931961,1.3262676,0.140986634,235270.1544
12.83675969,1.4145192,0.142460522,307587.3775
18.95280303,1.3862676,0.146664378,308424.694
19.98346467,1.0297371,0.149129643,233721.7824
13.92068437,1.5523655,0.145422418,309152.0104
16.98919228,1.5889157,0.145815716,241077.1952
13.0460457,1.4806022,0.146595926,208781.5164
13.4412048,1.561189,0.144770493,430522.6825
18.24394387,1.4398995,0.14405252,237491.8906
13.28926881,1.4833577,0.145226904,284383.7761
17.83440795,1.3600099,0.146432993,317002.8576
17.84390443,1.4787383,0.144822155,369663.2737
16.94508338,1.4935405,0.141415038,249071.4367
9.49599411,1.2524334,0.148186444,353982.6567
17.45709061,1.5416088,0.148196537,327579.8898
17.04071624,1.5868308,0.148828407,412628.0727
12.55796583,1.4026169,0.147334096,371096.5916
13.77976945,1.5237279,0.14471334,417645.3548
14.23598521,1.5519588,0.142089339,213714.4433
18.95781625,1.5529362,0.141157944,281928.9492
16.11618841,1.4856806,0.148658972,270542.45
12.89371728,1.428016,0.148177517,268307.3112
18.53272024,1.362781,0.146617905,305322.8329
13.98343842,1.6101326,0.142997447,405766.5298
19.35360084,1.3944747,0.145129665,291848.9378
12.35111596,1.4306639,0.14615227,308322.1738
19.29386612,1.543967,0.147442525,428464.844
16.10568144,1.5299059,0.147674864,395970.8699
15.4157794,1.5544152,0.142130587,242377.9973
18.56460789,1.4808395,0.14867269,367866.8146
16.07499787,1.4400515,0.148816942,279895.0483
13.62377812,1.5608437,0.145966092,314099.7073
12.46033908,1.4251861,0.142864862,237880.4176
15.34835369,1.5377675,0.14828609,379330.8725
16.7618451,1.5116946,0.143546042,216970.8321
12.48141578,1.4192431,0.144824412,226904.1458
15.01513912,1.5568421,0.146607917,306291.5463
17.31951327,1.5183633,0.143516162,210671.1409
16.26734765,1.6533431,0.142351801,359637.261
19.58112542,1.3061634,0.142685841,414034.1158
6.373306572,1.0167442,0.142009484,307976.6984
17.23455893,1.5566438,0.141600428,261540.6996
17.84471504,1.3566251,0.143553668,298805.1103
0.100863529,0.38935278,0.145644241,380373.2851
15.16365681,1.5195172,0.149050895,419742.0096
19.49628539,1.4282701,0.143533159,333431.7955
14.6718933,1.572874,0.145760385,393022.3031
19.1782041,1.5293257,0.149330099,402195.4624
13.19647174,1.4707788,0.141141745,388038.2286
18.16701812,1.4066913,0.144761968,346270.7083
18.00837296,1.5120571,0.148929107,400415.7187
16.99458909,1.6694552,0.14769653,316799.0658
12.06644833,1.3974753,0.145086699,309956.7036
15.63492791,1.6863515,0.14282208,394714.4126
12.94865386,1.4315691,0.143786881,230420.9573
13.6722585,1.5415409,0.148046761,322405.2091
12.01289296,1.3363059,0.141911669,234064.6755
18.59107185,1.4509664,0.142005587,343114.7769
0.780667086,0.49485097,0.146473364,327130.3793
18.02620741,1.3043363,0.146141859,333731.2825
12.15080598,1.4537411,0.147086008,386465.9514
19.66345872,1.3573713,0.147543452,226016.7327
17.98752702,1.5575161,0.144055222,315957.7835
13.17475674,1.4820425,0.14358808,304997.6792
17.0601269,1.5361753,0.142614348,247292.7939
16.90441426,1.3899847,0.147966015,255811.2261
19.4587988,1.3785636,0.142346734,229209.9287
18.32220408,1.5804721,0.143675859,417007.7234
15.96240783,1.4775364,0.142268076,224543.8378
8.406704101,1.2075241,0.147297455,307380.8804
15.67875209,1.6632891,0.149241124,248407.5442
13.68427479,1.6045092,0.144642986,406895.2479
13.14325925,1.4961995,0.141515904,387367.4329
18.55834298,1.529937,0.149038237,333250.3385
19.04951205,1.4649267,0.142069757,251479.669
17.27434598,1.5548145,0.148957963,361818.3394
13.70718259,1.5539141,0.148775226,335025.1453
17.23696828,1.6543957,0.142787585,335714.6466
14.61308905,1.6029643,0.142191233,341019.9356
1.46794872,0.53426609,0.143987936,237392.5252
17.89994861,1.4058777,0.141301905,299858.2062
17.33494476,1.6099542,0.14710075,347310.6874
17.26985664,1.3626151,0.149005709,368403.0931
14.81769051,1.5541121,0.142042951,250885.8067
17.66287932,1.5017696,0.146688891,273798.1034
12.59877615,1.4198336,0.145621924,424837.4414
13.27695253,1.5503253,0.14651422,356890.9285
0.944123835,0.50124864,0.142112756,415696.8955
6.442083696,0.99015176,0.14802553,238756.8788
14.74123639,1.6020287,0.148086026,352045.0747
14.96873788,1.6293791,0.147997897,433512.195
19.15490899,1.5618341,0.144837391,349445.1826
18.79543367,1.53455,0.145599106,353600.6197
16.46619239,1.5173319,0.144836632,214927.7583
15.29817845,1.6323378,0.148583519,345485.0664
16.18633583,1.6886928,0.147819777,396676.149
11.18958141,1.3845256,0.140970181,419863.5765
1.768490921,0.56030487,0.148110738,270412.409
18.70431499,1.5847698,0.147286324,427216.6762
16.24029773,1.5389754,0.145369127,245306.5968
12.10456562,1.3859054,0.144524557,254486.5037
0.89759372,0.45169586,0.146434032,290014.527
11.87728559,1.396162,0.143376286,239988.7443
17.09043132,1.4890846,0.145077732,235066.7335
12.57318568,1.4604082,0.144706117,278965.2456
15.47182376,1.5297655,0.141851982,323820.2251
18.68516196,1.6010786,0.141947408,416905.6034
18.55364651,1.5003668,0.142372177,370992.0404
7.102848771,1.0602789,0.141423927,347989.6062
12.47429206,1.3702602,0.1448008,267605.7233
16.54574166,1.6580048,0.145158375,291034.1076
14.26677449,1.560482,0.141606392,290920.4475
13.45403548,1.5503757,0.145426453,231843.5603
18.72178818,1.6059375,0.143385686,394057.2522
18.53764427,1.5520601,0.144375263,337818.6282
17.68192833,1.3705143,0.146015213,294739.3794
14.77621491,1.6037835,0.148590601,360214.9411
12.90808783,1.4508864,0.14498187,228451.8229
14.42585203,1.5706984,0.142905806,352408.0303
15.90795837,1.6472211,0.148729974,385620.744
15.90460579,1.6406587,0.146930933,420871.5599
0.814156264,0.48077704,0.142491034,254108.685
14.74302136,1.5596806,0.14538382,399921.9641
16.89802605,1.5273165,0.141861535,206734.577
14.70555641,1.504707,0.148427797,311373.2339
12.51212563,1.4226467,0.145567366,259013.1567
13.6111734,1.5341115,0.142706966,386093.4386
14.4426698,1.6148414,0.148560312,302039.174
14.70832421,1.52784,0.148958911,368061.8711
14.0490208,1.5802541,0.143294475,242940.9697
19.83549258,1.5623776,0.141225119,412152.2674
12.5457403,1.4318013,0.147209576,212319.8114
15.9297785,1.507595,0.145641274,381253.7019
12.97344161,1.4379383,0.142541321,253782.3554
18.79933456,1.3395125,0.142999346,220603.2997
12.9633418,1.4437182,0.143190278,285731.3604
16.53127898,1.6378859,0.144707416,384794.7265
2.818923589,0.66952818,0.141733629,224272.6185
15.15669675,1.6177588,0.146344518,279369.0381
16.81008166,1.5783123,0.141453714,282361.3593
12.52772152,1.3973557,0.147977089,270376.9615
17.50003027,1.5153744,0.148538381,217015.9927
15.28207006,1.6529969,0.14370034,371980.6847
16.34952332,1.5197387,0.141494432,357658.2543
19.32476742,1.3652818,0.143081923,358386.7668
15.57384014,1.6493339,0.146729719,356151.6769
18.77378569,1.5818568,0.14575309,314191.6982
10.23552863,1.3131871,0.147872574,384721.5105
13.5342743,1.4689132,0.147149947,274685.609
13.30090957,1.5263313,0.145659778,373548.6093
13.78312029,1.5283143,0.147878544,289557.3367
19.15812945,1.3607533,0.145258815,318674.2417
13.64331395,1.5480579,0.143583671,347233.8544
13.29186183,1.562834,0.147636506,424642.1145
14.14521386,1.5289615,0.142951117,305829.1467
13.90647302,1.3999119,0.148933006,234000.9274
18.20575033,1.6415176,0.141236096,333496.1678
19.42592852,1.3961595,0.143971999,325313.0362
12.15685268,1.4378284,0.148212019,239418.9141
16.81289052,1.6598647,0.147035878,411750.3846
16.36087113,1.3849239,0.142245198,229268.8093
17.35259476,1.3588769,0.14861777,262207.8571
13.3480575,1.4926659,0.144709803,297564.1623
0.747320875,0.45419595,0.145905765,406164.6099
15.65598812,1.6346516,0.146277841,427982.6036
11.75955476,1.3781831,0.14149216,256240.5297
15.88205171,1.3491959,0.148095995,230549.448
17.28606949,1.4798213,0.145100148,260438.5157
15.1955053,1.6075495,0.143657732,413352.8265
6.679911838,1.0542982,0.141190532,274257.7324
13.55633904,1.5456276,0.149355983,224219.0683
15.9251698,1.517703,0.147369299,324590.4043
12.65229289,1.4408365,0.141403331,410606.7202
19.1643276,1.317773,0.14787014,430160.7051
12.72496608,1.4223776,0.148258462,309818.7087
12.71807685,1.4148976,0.144853018,269426.4349
18.8403314,1.3928991,0.144240911,282555.7331
17.21680523,1.3476898,0.14493706,305720.8736
19.17774128,1.3466691,0.146463243,240920.4924
18.74046007,1.3780553,0.145172677,297727.6666
17.16098746,1.5901328,0.148920943,293156.946
17.36240959,1.4408446,0.145163387,335890.8457
17.14195878,1.5772989,0.141075404,385930.3358
15.97358348,1.4834651,0.148382441,207674.8681
15.88949325,1.6053584,0.144010353,333245.6699
12.82350543,1.40533,0.146355235,242555.8509
2.589926585,0.66111541,0.143390228,208187.6712
19.31946962,1.4383891,0.14499615,404180.3241
14.31081148,1.4943909,0.143996338,433840.1203
12.51893355,1.4444726,0.148702062,209342.5315
17.59061354,1.4656398,0.14115664,374780.4618
19.77444954,1.2288814,0.145602674,272717.4557
0.555724747,0.47767439,0.144045279,428542.76
12.1325851,1.3829385,0.14477155,272042.6266
14.18913673,1.5508988,0.1436881,411923.9874
13.09327724,1.5269325,0.143046402,414745.4057
12.90058067,1.4670406,0.147213635,252916.2941
14.26524792,1.539117,0.147742401,223353.1399
19.06494178,1.5968392,0.142624455,433975.9016
17.45226052,1.6244886,0.147517707,430593.5762
17.11527098,1.4138545,0.1431845,301042.1338
13.35994973,1.4974635,0.141477023,363480.3343
14.84892347,1.6239983,0.144964294,222808.3256
15.26644599,1.6100455,0.143035879,378532.9507
16.06126277,1.4648186,0.144455965,354428.7736
13.47705231,1.5564171,0.149399431,274645.9452
12.05121036,1.4418276,0.146533732,407898.9026
17.25381253,1.5154831,0.142055954,323479.8368
18.67207724,1.3440718,0.141854296,289010.303
12.75951581,1.4151588,0.14343507,265422.7523
16.66075601,1.4659275,0.146946165,298455.2073
15.11119047,1.4279129,0.143824344,267440.0537
17.00768199,1.5553112,0.141013629,370470.2952
16.17609237,1.500628,0.145382328,267531.0716
16.65613797,1.424543,0.144460509,349899.9062
13.83283574,1.6158445,0.146846284,395017.4439
19.37990825,1.3050968,0.144251569,368339.0344
11.72769394,1.436304,0.147188512,398663.2486
16.94759798,1.507488,0.143520312,243176.8806
18.29183691,1.4193799,0.147874816,252407.3236
18.83540755,1.3904497,0.149086816,386632.9758
18.65113223,1.5150828,0.149344848,380670.683
16.89021039,1.3876824,0.142746513,298834.3423
16.84448801,1.5823861,0.142713665,425752.0327
15.99917389,1.5880956,0.142456418,392148.8733
6.801649583,1.0517316,0.141315982,380763.1673
17.42445071,1.527647,0.145098807,318294.0368
18.40880176,1.5734036,0.144527682,395708.3075
12.86715486,1.4848869,0.148747705,384465.2042
13.92543349,1.5316619,0.147469241,262658.1478
12.18562521,1.4301499,0.147344494,433357.0677
18.67931311,0.94620268,0.145916045,254197.5054
15.29613467,1.5325414,0.146971894,294030.703
15.09065426,1.5944118,0.145306647,286533.9594
13.24013408,1.5672249,0.145026041,427311.6692
13.26532791,1.5274449,0.148348742,394564.4
15.73680826,1.5815988,0.146987002,283625.9099
17.01256578,1.54068,0.1415906,417677.9002
17.27328157,1.5214878,0.14360687,296848.7234
15.90920943,1.5632423,0.145213233,270783.3134
15.40567124,1.5114792,0.146101857,397646.385
19.21990208,1.4915558,0.147964513,305054.2783
13.30306411,1.5604094,0.142415092,313220.0341
15.7793474,1.5727623,0.143349337,250606.2822
18.30324213,1.4803086,0.145261753,372228.3385
18.69126137,1.4288497,0.141166076,242883.2439
15.85678822,1.5330538,0.145620395,419274.0506
14.41367889,1.5422711,0.147754186,265961.0105
15.26247122,1.6016086,0.148235852,356951.5054
17.05544486,1.5518932,0.14427743,319670.8923
2.390532601,0.63019901,0.14353197,232215.2845
13.76408386,1.521648,0.148656796,308994.6986
16.11355923,1.4130847,0.14891794,298236.9636
19.1912859,1.6079697,0.146812788,362796.9434
5.933653186,0.95505514,0.144478725,340272.2821
3.798156723,0.78099857,0.141917501,216682.2678
11.93482379,1.4071041,0.14660099,313938.9141
13.92764669,1.5262127,0.14245134,239846.9776
13.51690942,1.443734,0.144158404,262897.4078
13.29223899,1.5107633,0.147887659,430075.5938
16.10251922,1.5856057,0.142202409,248221.4548
16.94363455,1.4121883,0.144978081,277393.1719
19.89817992,1.3508486,0.145650837,377898.5603
14.17545438,1.4359129,0.147950408,288565.456
19.53462126,1.1041447,0.144338915,219843.4256
19.71067033,1.3269351,0.143121122,372560.6264
15.99586281,1.4217614,0.146039179,207044.0986
12.93257685,1.5293399,0.141778978,254381.1435
15.06476291,1.4939061,0.148565736,283060.4394
18.4449794,1.3428474,0.146637011,377865.699
15.99626341,1.6497532,0.145289523,287180.3717
11.41094252,1.3090133,0.140960058,214220.9801
12.15522445,1.3892082,0.143841552,307499.5621
12.1629309,1.4400701,0.149184655,339643.9793
18.7927104,1.5190503,0.142644611,360800.1354
13.8146169,1.4225461,0.145676988,283492.8818
13.3754148,1.5057628,0.144154456,361670.0931
14.79384347,1.518634,0.147577295,298613.0534
0.292476032,0.42493986,0.141800905,420433.2196
16.73913826,1.658127,0.148761883,340688.6351
12.04598849,1.3641371,0.14270047,219762.5684
3.999379579,0.79101073,0.146162543,226174.3442
13.67751046,1.5647528,0.144894979,257030.9505
15.42949616,1.5530624,0.142186825,367659.9735
16.5402434,1.4924281,0.148056498,334442.881
15.24228456,1.7089665,0.143501925,417563.7874
18.00618722,1.4664859,0.145372684,302183.3646
15.54942962,1.5675138,0.142059598,300317.3627
17.37672828,1.6688721,0.145604465,372357.9247
13.38466588,1.458359,0.141926782,246495.4404
16.28139711,1.6125985,0.144130031,308487.4247
16.1549582,1.6402404,0.143018057,420555.537
14.09615529,1.5795797,0.141673549,384599.9072
17.75861871,1.3908585,0.145284034,237082.5401
10.53134111,1.3125885,0.144386883,351789.6829
12.45585798,1.4260227,0.148406106,398022.7382
12.68058657,1.4083542,0.147433184,240182.8542
15.56444753,1.5678366,0.144999131,352507.4309
15.87785128,1.6542792,0.143978115,411154.1743
13.66350689,1.5433031,0.147752197,360183.3667
15.07415528,1.6392742,0.144336891,292503.3491
17.49962555,1.4504106,0.14852385,278585.8768
10.99443329,1.3454729,0.143662679,372257.0688
18.86423257,1.4943095,0.14301887,373752.2304
16.43530549,1.4935181,0.142393755,320567.8794
19.43907484,1.3817428,0.142537584,374894.2744
19.49469922,1.3848296,0.147237629,213929.2715
12.12116222,1.3799235,0.1474502,225694.0938
14.12395416,1.5787613,0.148441453,365996.9908
18.51681498,1.2918055,0.148798775,241104.8431
19.62332532,1.1765787,0.143103513,434960.6605
13.80644628,1.5481187,0.14879438,316502.1512
17.73882285,1.5276741,0.143557931,326909.4311
19.64467214,1.4963019,0.146292003,391686.6729
14.21458633,1.5185506,0.147845413,290462.1048
14.52134325,1.6697674,0.14724204,425646.9819
1.308654821,0.5568873,0.142939002,264354.9612
18.78924033,1.4950569,0.143814975,353139.3729
14.01762463,1.4251136,0.148726952,355677.7253
13.21715849,1.4929309,0.14650219,315809.4311
18.65305841,1.4763949,0.148189282,381485.8997
18.76371346,1.1907086,0.143276864,248121.0433
15.48946706,1.6651791,0.146315143,423893.5059
16.01844568,1.7109291,0.146075816,397733.1211
13.97906323,1.5242804,0.142198716,291713.8975
17.50798177,1.3832496,0.145041032,330566.3351
12.96975443,1.4216558,0.147562215,299464.298
18.49920422,1.4697107,0.142002163,374292.8701
18.23885676,1.4806116,0.142466519,377060.4525
13.87245257,1.4811687,0.146717836,308350.9613
15.9159132,1.3930843,0.14717441,379874.3089
14.75097789,1.4725377,0.143007662,282595.2305
12.87421967,1.4391523,0.142861786,234547.9636
16.69474788,1.4641173,0.146724587,261403.4429
19.88617997,1.5649818,0.147293477,357279.909
3.930641601,0.80105808,0.148143025,426416.5741
17.18290551,1.6208852,0.143490448,320975.2262
16.61339752,1.4819661,0.142402885,286843.0631
14.1357425,1.5539783,0.142251675,237652.007
13.74594079,1.5036623,0.142963212,314659.7278
18.91234353,1.487329,0.147693495,419541.303
13.80442302,1.4574165,0.142907344,306515.6593
19.91201063,1.3306823,0.142649985,381101.7261
14.79592836,1.5612082,0.143066289,385453.6201
13.56196466,1.5302366,0.142970793,391369.2433
12.86091797,1.5652213,0.142768151,418356.5615
18.06253927,1.4656954,0.146757036,305453.8637
13.23817695,1.4644374,0.143499409,218847.7944
5.066120741,0.91400379,0.147854525,353825.9
3.228933882,0.72382118,0.147852009,267047.5413
14.38332775,1.5775615,0.142049106,332714.5187
17.85785853,1.5593459,0.143399231,338081.3128
14.45541308,1.4941938,0.141895531,222791.6186
9.448316588,1.2179414,0.149148007,238706.363
12.26119695,1.4476272,0.148069344,383190.2164
18.28560144,1.4301482,0.145752511,345336.4127
12.37710701,1.4774455,0.146914939,375916.3582
16.2518866,1.5160222,0.143032464,232635.631
18.48997154,1.4374205,0.146137344,377996.9802
13.41793673,1.5512362,0.14703125,328135.9458
13.93509818,1.4766995,0.147537693,286796.612
19.72135149,1.3331479,0.147259663,432487.8418
18.23503009,1.1657195,0.149408384,230262.103
16.07786796,1.5226204,0.142696442,241245.423
19.89558801,1.525551,0.149362068,319452.635
14.62189092,1.4978942,0.145624468,299200.4905
13.22335662,1.5101563,0.144433511,249682.6995
13.15935452,1.4918965,0.149058252,375702.0985
17.80026565,1.5978752,0.141674439,429668.0782
15.17943584,1.5431152,0.142205818,414722.5352
12.94024147,1.4900482,0.144519478,318196.347
16.66414586,1.4152702,0.144283319,251330.5547
15.5288041,1.547621,0.141788162,360264.4045
12.90531082,1.419022,0.143973916,223210.9404
13.50641559,1.5726062,0.148292874,386525.55
15.5809858,1.4655281,0.141427569,258079.1756
17.91106961,1.2939129,0.141723617,251844.919
17.64483581,1.3887625,0.142874166,389170.4281
14.08145229,1.5093998,0.14706356,251074.7754
17.8119684,1.4146645,0.142652914,246999.0839
13.76304498,1.5623846,0.145491836,298892.1945
12.95528329,1.5162641,0.146511076,393965.0695
15.60125896,1.5292182,0.143624144,219314.8803
19.34081814,1.2736408,0.146916162,275831.9959
14.3629553,1.514222,0.147431534,328160.4973
12.96253048,1.5117327,0.148421026,286226.7727
15.83965118,1.546822,0.141740919,264312.8917
17.11397668,1.40485,0.148986221,365381.9809
12.72338488,1.3599813,0.143476899,235873.7835
0.23416782,0.39209888,0.146182505,341420.465
14.06966719,1.4058908,0.142658689,224685.4491
19.36138515,1.0963314,0.144084922,284789.9383
12.33289649,1.471834,0.146825489,397567.0394
12.94692184,1.5231356,0.144830454,373246.2196
18.33771724,1.342344,0.145955885,374337.998
15.38589341,1.602431,0.144113727,381168.9565
17.04829376,1.5133762,0.146849622,323096.3973
12.97525312,1.4711457,0.144257137,241712.9752
15.25359534,1.5398626,0.149176805,275506.6159
3.335455492,0.7249262,0.145646241,251117.1041
17.67427771,1.4250531,0.148295238,237777.9976
16.380506,1.5512213,0.143509317,373039.7222
17.11091854,1.6866483,0.143656093,401331.1411
14.67362843,1.4741483,0.143302826,218818.5854
19.68319399,1.401895,0.146628672,270018.4755
14.88074345,1.5681425,0.146938762,331824.1967
18.50836929,1.4078762,0.141868245,213141.5169
19.44873347,1.4485099,0.141797243,321232.0182
3.024288531,0.71349728,0.141663147,316265.3757
16.83964781,1.3651,0.143125771,272926.7808
17.86444882,1.490262,0.146804269,419567.6034
17.72062811,1.6065216,0.148317021,403183.9237
0.838807559,0.49848155,0.149428308,335250.9973
19.20588247,1.4227401,0.142722091,228372.8876
18.21296826,1.3874563,0.147011582,405856.2649
7.156990256,1.0578164,0.14865182,222861.1392
12.92889114,1.4728008,0.148351871,293705.7221
16.19982819,1.5526258,0.141131711,243288.9758
17.72407381,1.3177072,0.147620587,391605.4471
12.12556408,1.4237635,0.146966521,299730.4192
17.70233252,1.319382,0.145181327,268184.7652
19.7441715,1.4321667,0.141376048,383626.0411
2.069709013,0.57453769,0.144754034,380968.9484
12.40036155,1.4004521,0.148978919,272786.2635
14.71951121,1.5343589,0.141508315,377313.4701
17.76512453,1.4819732,0.143918628,221265.9706
17.91753607,1.4015357,0.142420037,319817.498
19.36459907,1.2979538,0.146964728,301942.0448
13.16554005,1.4860754,0.142968444,303239.0017
12.38310944,1.4493244,0.141619099,252820.5227
14.30287115,1.569074,0.145973668,364252.1357
0.433351525,0.4182064,0.14577916,376227.0138
14.94602366,1.5470366,0.142660965,278028.3985
14.53686414,1.6368601,0.142911595,342808.587
0.872973634,0.53738135,0.143407046,336169.8467
12.69974343,1.4691416,0.142184288,374542.6362
12.21917414,1.3906436,0.147102249,359460.6911
17.71155917,1.3144861,0.14900086,239450.4102
17.86856476,1.2947767,0.144005512,256817.6588
15.70340877,1.4893082,0.144872134,236609.6804
19.38425725,1.5570785,0.14398625,322079.4219
17.20882846,1.3906419,0.147967312,287411.5059
18.9981616,1.6061697,0.145804698,395588.1354
17.53140665,1.4849955,0.142326953,391478.047
14.22773096,1.4479943,0.142559842,241507.735
14.92877541,1.490408,0.147526374,224552.2009
4.818293794,0.92023614,0.149007626,374512.0425
0.966390647,0.47604804,0.143889492,407620.3723
11.15057582,1.3373128,0.145090422,349573.663
15.63261446,1.6234353,0.141123222,249810.2051
4.516928357,0.88410194,0.142134382,417798.8806
19.96850396,1.6192938,0.141483852,388449.918
17.37104514,1.57291,0.141531704,272170.3834
19.87248811,1.1900872,0.141511527,332636.9033
17.33659732,1.635786,0.146305166,354678.5218
12.52852027,1.442919,0.14797561,358481.138
18.38922852,1.2961625,0.142167147,278708.6766
15.19225134,1.5910355,0.142524298,389843.5895
19.14474855,1.5066913,0.147457557,350585.9658
13.71275287,1.3866877,0.144231302,268619.3298
12.99477594,1.3979851,0.148390052,216330.6921
1.108358754,0.53841642,0.144321486,363524.6932
16.35512722,1.4870779,0.14300927,278234.4232
1.015334484,0.5199272,0.145539572,381378.4664
13.44562156,1.4894627,0.146895546,259602.7738
14.41131275,1.6119602,0.147416974,387893.6822
15.52249748,1.5729699,0.142021266,340203.7679
14.94898628,1.5523968,0.144697865,301432.9485
19.44207097,1.4232673,0.142407943,419690.1615
15.86382863,1.5671485,0.149227526,317818.9597
13.74915226,1.4844022,0.143292756,338660.6055
15.45914023,1.4524202,0.146383011,276782.3488
8.659176491,1.179652,0.148032878,309209.6005
17.74192053,1.4345348,0.142007868,329198.7425
3.916589892,0.79988512,0.141693757,425242.7891
14.32510877,1.5497216,0.144073898,267684.5615
0.663687329,0.43200995,0.146780427,244770.0538
14.29831259,1.5448676,0.144393463,297417.6184
14.00319012,1.5628955,0.141051471,434754.4154
17.67828057,1.3923626,0.142920552,289833.7457
0.506729079,0.46766273,0.148491492,411045.372
15.80735364,1.6184368,0.143952427,339824.9818
15.91861755,1.5026402,0.148879321,325255.4089
12.23092603,1.3991626,0.148913294,280967.5704
0.109359216,0.39273021,0.147867108,363221.4912
13.76032432,1.5616153,0.145357293,378847.4597
18.37924882,1.2723146,0.148203173,319769.0912
16.36666713,1.5478932,0.144606961,339180.0879
13.55086174,1.4546704,0.144616704,311965.2327
14.11489767,1.5777166,0.145871141,280663.6498
18.10320069,1.5540194,0.141057151,395365.4447
1.048053728,0.50557897,0.145780961,412036.0192
0.365971208,0.42358095,0.144749473,240631.4275
1.62129639,0.5745091,0.141592574,423215.126
13.58545121,1.515559,0.142368627,417289.6223
18.76198716,1.4260865,0.149074132,344774.5323
12.83266865,1.5097888,0.147110785,231398.4678
16.83010414,1.4022835,0.14104763,356223.6727
16.43041748,1.5257804,0.146088587,291115.6651
16.27056411,1.5456571,0.147955897,374626.7185
14.09461994,1.577844,0.146094191,376978.6637
17.79930958,1.5263829,0.147232733,419699.0595
13.40624559,1.5528222,0.143482256,377585.9128
15.45347455,1.6532094,0.142160532,371065.7857
12.5459318,1.4104058,0.14602127,211403.6313
12.99316352,1.4156342,0.146597661,217094.245
2.003670212,0.58528815,0.145028141,208136.2267
13.12127966,1.5336764,0.143311912,302376.391
13.09113331,1.4810803,0.149301953,282901.4743
13.20465375,1.5063573,0.14387013,393700.7087
16.17069573,1.4233014,0.141665121,210515.9001
13.65264826,1.5330044,0.144931213,247630.6224
19.37331861,1.4559601,0.143137715,405580.5303
4.794431068,0.89201906,0.141867212,394520.9501
13.28519235,1.467419,0.148069802,341687.5723
15.05615663,1.5412495,0.146078935,398404.2758
17.16959785,1.3597204,0.14799471,294220.8106
13.3175114,1.531685,0.146171429,406048.5552
12.49624547,1.4289529,0.148532942,273954.3231
13.80954284,1.5909422,0.146054108,341737.3622
13.41060216,1.5624259,0.148703806,333849.562
16.26845962,1.469768,0.143519869,290886.4867
13.45283745,1.5125385,0.143597832,388564.8157
19.03879742,1.5462765,0.147166818,433780.8287
16.6328702,1.3128065,0.148688385,307142.0091
18.19450095,1.5491596,0.143020206,424868.39
15.31153519,1.6574248,0.144369875,285798.2534
17.89422479,1.3197247,0.141200292,205412.0661
6.617030668,1.0546223,0.146979811,386208.8803
17.24268106,1.5228075,0.143811403,352934.3649
19.71300813,1.4499998,0.141587487,330082.4788
18.05002854,1.5072687,0.147276029,303568.4479
18.17834845,1.5256714,0.147169935,424324.6231
10.05464292,1.3008704,0.145484243,380893.4467
13.27262149,1.5454008,0.142532085,331066.7087
2.979654511,0.72495469,0.14679129,286161.1816
15.22101097,1.4762533,0.148768159,218439.0051
18.94266515,1.3885061,0.144873226,284003.5701
12.617309,1.4712241,0.143395622,377693.5678
18.26430482,1.0927005,0.141802933,247073.75
14.19696445,1.4993777,0.145138762,251716.6704
14.00850988,1.5624117,0.142550915,317555.8268
5.353583553,0.95729716,0.142711888,301853.4825
14.37105799,1.4810293,0.14840381,228699.2221
15.72479217,1.52913,0.143732554,373193.202
8.708224189,1.1944722,0.148318837,211248.912
15.66874604,1.6250388,0.146472438,274146.3713
13.48280316,1.50355,0.146240971,403020.6338
5.032279692,0.90613362,0.147573078,229910.3897
12.46437114,1.4281823,0.144986738,380502.118
16.12132389,1.6972472,0.141821709,401771.6052
13.60510032,1.5623224,0.148118708,428269.7484
16.97062264,1.5880295,0.147448261,430649.7515
12.7879529,1.4838623,0.145185456,366385.2746
17.92590912,1.3802737,0.146876451,395552.5937
12.35691218,1.4267349,0.147160816,313529.6917
15.19129416,1.4127028,0.146258784,275899.5695
12.88939459,1.4169013,0.144941,233668.4489
8.747256698,1.1894563,0.145079692,209315.9945
16.61492721,1.430914,0.144264833,346503.0485
13.28014971,1.5424735,0.145920035,260747.0033
18.37289823,1.5328861,0.148105622,374055.3245
8.984883109,1.1911308,0.145410005,209131.0398
3.890669349,0.80885311,0.1448423,406652.3393
13.96926458,1.530616,0.143048722,302641.4351
16.65126693,1.3322044,0.145928851,216594.207
15.65030625,1.5470844,0.142859367,327972.8514
16.51193301,1.4472498,0.14882047,286648.5207
18.82236347,1.3511891,0.14377506,390878.501
17.72949439,1.4491718,0.146722436,314613.7628
16.89236811,1.406272,0.148925141,211763.7728
19.27443903,1.1891141,0.148869786,264948.2757
12.39379501,1.4689767,0.144948246,394125.4597
1.814255251,0.59211003,0.1425136,433714.3162
17.77694574,1.6438022,0.148748681,416240.1355
15.60491092,1.6012331,0.141795805,237120.4191
19.36842001,1.3055195,0.145024602,258628.2055
12.36146785,1.4792134,0.147904426,285433.4137
0.973143498,0.47545418,0.149032284,338626.2254
16.24753421,1.4074276,0.148433967,222751.0211
15.50678643,1.5232239,0.141657459,433560.675
12.89480456,1.4378461,0.141887176,362539.1119
15.66677267,1.5629995,0.141040653,271756.6785
14.57177324,1.4989693,0.144282119,253735.7412
16.52401496,1.4556162,0.14574756,390389.1578
12.86845704,1.4982002,0.142474103,235363.3212
14.52791124,1.5093434,0.149260153,364697.3692
15.2270841,1.5316933,0.143613988,335598.0578
13.02920532,1.4395156,0.142258897,236749.8993
12.83809274,1.509487,0.142509061,309460.5868
17.67006774,1.5147807,0.146659681,309368.241
1.357002568,0.52825735,0.14601286,298293.9951
6.105521014,0.97927268,0.147943643,275600.7326
18.71961393,1.3666851,0.146506452,414038.4885
14.65858137,1.4600332,0.142681931,225579.7141
14.02388718,1.5277567,0.142478707,231216.3094
13.07969518,1.5406512,0.141752319,389984.7485
18.04504846,1.4298883,0.145469631,291198.4905
16.09306219,1.5981847,0.146716831,399251.1232
19.13473564,1.3585272,0.143632988,275751.2857
8.112151881,1.1849014,0.142392318,367722.5123
19.22351368,1.5053356,0.142386964,318650.9603
7.519610847,1.1207697,0.142031228,332337.2523
17.89723548,1.4608118,0.142149891,343356.3764
19.30113117,1.3437684,0.148974189,400944.9853
12.64025867,1.4322571,0.143297148,330515.3468
13.36385406,1.5439342,0.146491507,430997.9334
17.34973063,1.3773495,0.147958324,221409.7736
14.4029196,1.5601252,0.144557058,401567.3768
1.256283866,0.5092772,0.143740258,225415.4793
14.77136194,1.5132927,0.142226683,319347.5505
17.90828927,1.5190787,0.145799381,407753.0093
14.82780779,1.6184579,0.149122292,423987.5211
16.81461207,1.4277018,0.147476038,294898.7299
0.57511347,0.43676254,0.142928743,250807.8025
7.18307703,1.0481996,0.143923406,273675.3153
19.91472918,1.3336096,0.14780855,379278.574
18.51931465,1.5302235,0.148661696,335277.518
14.84160327,1.4724475,0.142137071,222508.4688
12.37593468,1.4453316,0.14636262,349000.5193
13.75782369,1.568649,0.145579997,337796.9275
8.186596506,1.166717,0.142709184,323042.9424
14.48831819,1.6024714,0.142974032,400553.1311
14.15440069,1.6294476,0.142384633,357366.3978
12.32955274,1.3928154,0.144732377,348890.0004
18.28097079,1.3551833,0.145405557,269190.1968
8.907155042,1.1986631,0.144988892,210432.6698
15.98946743,1.5033948,0.145528864,415358.9347
16.65217625,1.5338575,0.145822587,430364.3403
14.30759524,1.4799357,0.148302581,348791.1325
16.39282176,1.5420121,0.141220507,292029.5725
16.64300721,1.6056925,0.143493749,351674.8032
12.4894241,1.4154069,0.142703324,391319.5378
16.67666735,1.5217185,0.1409654,379696.9975
14.73644729,1.5432788,0.141120983,405684.0447
16.41514341,1.5104989,0.1443685,222325.1456
19.56239374,1.3716946,0.143758397,314379.2687
11.48073008,1.3947961,0.147717185,327519.7648
17.77836799,1.3626774,0.142595193,208734.6364
16.94012301,1.4513315,0.141343774,325697.9167
16.50467114,1.4923779,0.141566789,359178.8766
16.28934207,1.5291646,0.142175231,206695.5646
18.63159404,1.073729,0.144602818,275101.9009
15.03558557,1.4338989,0.143756436,222536.9972
17.96878535,1.5900847,0.144351504,428296.5199
6.120081662,0.98933735,0.144076544,227956.254
1.698134707,0.56532694,0.144622948,350695.4174
13.7208279,1.5340948,0.145681063,365975.1948
12.9242409,1.5471504,0.146586762,369240.0462
14.30588746,1.5683955,0.142931325,315308.964
8.503900492,1.1877356,0.144882576,368011.9767
13.35670132,1.490732,0.14427011,331178.4655
19.31521157,1.2368495,0.144121073,237014.6605
17.92809898,1.3380535,0.148946459,359967.2394
15.55582159,1.3794087,0.143765217,271634.5358
10.01133531,1.255222,0.145744615,398563.4947
13.14496759,1.5660164,0.143369092,303158.3467
15.24480063,1.5312667,0.14417476,241309.0771
17.62885191,1.4035324,0.146603634,355562.2845
6.320342458,0.99335839,0.14750118,310972.4527
15.70894737,1.6230652,0.147545498,370294.0924
15.35214103,1.6198273,0.145081706,284745.0316
15.08853894,1.6352656,0.143948654,353640.0598
18.24723989,1.6363617,0.149010021,362706.5228
12.08976248,1.3998989,0.143108583,275479.5554
19.24323605,1.5901979,0.145990796,340804.8054
2.776357662,0.67189509,0.149232399,254146.413
14.6648802,1.5516366,0.143040325,342731.6475
14.16729641,1.4495522,0.148138583,230728.3651
12.06945283,1.4450681,0.142919033,385219.4224
19.9976837,1.6215304,0.141253393,401884.0731
19.08591198,1.612723,0.147510653,425054.5792
18.14721384,1.2094522,0.147025228,214318.1737
16.88015709,1.4385795,0.149112364,386890.5497
18.43182376,1.4162644,0.143227121,285486.736
2.579658985,0.65146289,0.144057217,266187.0402
16.60766566,1.4788449,0.141904903,271403.0597
14.28198664,1.460312,0.148759991,208913.7486
7.004326775,1.1243394,0.143931251,423049.0956
17.17697714,1.4749557,0.148031539,394432.2852
19.73642323,1.4709952,0.142755337,317597.3111
15.28716973,1.7058372,0.143737664,396790.0316
17.01744843,1.5455923,0.147889194,306900.1949
16.54322963,1.6157459,0.143617994,340973.4615
13.52287686,1.5310835,0.149119489,409312.5119
13.03044406,1.4718762,0.148902233,323172.7271
16.20899599,1.5221305,0.148241715,295389.8826
18.33402852,1.6059982,0.145684527,380720.5729
12.68700772,1.4906582,0.142526003,366732.663
7.580840802,1.1340012,0.146032275,399606.912
17.26208074,1.5466927,0.143830772,287726.7207
17.46133801,1.6374481,0.141569141,395212.7694
19.68024527,1.4192929,0.141902045,286154.2676
13.54293586,1.5561874,0.149414757,419941.3222
10.97093169,1.2843669,0.14748686,207826.2175
4.61155621,0.85622959,0.141293089,326236.5108
15.7949798,1.5669309,0.148240663,340351.8473
16.03220484,1.6044998,0.147699529,222108.1829
14.56237411,1.4936476,0.147808756,416711.2037
14.93406245,1.6040071,0.142579744,320064.3193
18.29516553,1.4197746,0.148214299,207665.6494
19.55639739,1.5840679,0.146337343,348525.2253
0.417010698,0.43461446,0.142925154,260120.5813
18.94066699,1.3776727,0.147181335,336926.7866
16.72609689,1.3697188,0.140999244,295199.8385
16.04870002,1.4462215,0.146070951,340080.3099
19.61759713,1.2445722,0.148415492,310092.4611
13.00298252,1.5217532,0.144506894,331766.2641
13.27864125,1.5827068,0.146090138,429154.1044
12.67943412,1.4727497,0.142082823,311103.0751
10.90884887,1.3726866,0.144676059,346868.7481
19.69555146,1.0589023,0.146331151,288898.5745
17.3024503,1.6624314,0.143543343,316304.4299
10.24917508,1.3169264,0.149169788,339333.9466
0.699573972,0.4348012,0.14536115,428052.3463
19.78415717,1.4366974,0.14262816,315631.4804
14.70259408,1.5205618,0.147079888,382381.7669
14.95045461,1.5014263,0.142875698,376281.665
19.88019159,1.2046251,0.14605865,244703.6306
2.62425591,0.694715,0.149004844,403955.6557
13.24912973,1.5068207,0.148749865,302302.3231
18.05588072,1.3212895,0.141718077,267239.6665
13.78008792,1.591752,0.144613411,407252.0797
0.984421096,0.48732749,0.14414326,387306.7971
15.82986085,1.6226403,0.140957344,414317.5615
14.83992197,1.4721034,0.144026784,375858.6375
16.0509128,1.6424677,0.142568988,343558.3439
0.851643542,0.50909501,0.143722623,263145.9375
18.17551968,1.6874713,0.148631675,406851.5091
9.542874358,1.2435562,0.142564857,215844.0058
12.75226067,1.4006226,0.142087242,338450.5326
2.865013449,0.70458689,0.149042788,239709.3406
16.65548398,1.4769619,0.14353517,214259.3967
13.1255709,1.5079063,0.146817192,424052.672
17.72366692,1.3340927,0.146681835,225116.9426
17.86356907,1.4561899,0.146230345,306196.0815
15.09210797,1.5286348,0.141826448,381565.1333
14.12506725,1.5696857,0.148048663,355200.0746
13.73002843,1.5404598,0.149298212,414245.5211
18.48076323,1.5770091,0.148390812,393735.6112
3.773948672,0.74227288,0.143709021,296406.2185
16.63543893,1.5509613,0.143255337,391102.7765
12.55367356,1.4225708,0.142728897,247850.6373
18.42074649,1.1451225,0.143621313,223753.3955
16.52807038,1.6810122,0.14363896,313332.4714
16.5524811,1.5716261,0.145401071,423945.8438
14.99692398,1.611286,0.146517173,338066.4882
14.18502059,1.4918659,0.144287822,313984.1226
14.05188278,1.5151233,0.141167636,238602.7094
16.88544067,1.6009933,0.146816714,334606.904
15.68198089,1.4538683,0.14567063,229055.7088
2.765088388,0.69236898,0.144040418,210243.2038
16.44560122,1.5945843,0.144389862,386626.9687
17.25807782,1.6265741,0.145016851,268825.2944
1.164658952,0.50921898,0.147540269,253456.0558
12.85321757,1.4688212,0.146106255,363152.8731
19.20174641,1.2232213,0.148265433,219398.7373
7.913355616,1.1574634,0.146384315,414278.006
17.43097031,1.6050474,0.145443633,390805.5571
15.74174711,1.6099047,0.14127784,327368.8262
12.22885362,1.3772762,0.146199936,277909.9696
15.35098603,1.3924515,0.146108574,243676.0112
12.86209216,1.4846154,0.14859282,380025.0999
1.759840585,0.61154327,0.148515965,338695.9301
5.162757765,0.85994857,0.149240329,219263.3896
19.75007208,1.2518918,0.141323781,317134.67
16.50959779,1.5105367,0.147567655,296185.2977
19.83053808,1.3948662,0.146018247,205604.4431
8.847377851,1.2247965,0.149354467,367039.3302
14.94425659,1.6639128,0.147930121,431044.542
16.23279622,1.4620274,0.14899223,263013.8108
16.58148583,1.5069753,0.143448013,245156.3148
12.23606905,1.3728344,0.145574723,249838.0963
16.00251022,1.6721842,0.146376276,349217.8433
9.292921507,1.2149792,0.143111921,289762.452
13.12772023,1.4907046,0.142307641,238335.4877
14.92799612,1.5107605,0.147356932,328466.5442
17.89382303,1.5047842,0.14547987,316431.4657
12.44080055,1.4437992,0.142672636,358295.0681
15.53585302,1.625667,0.143693887,405231.012
15.89995417,1.6306605,0.142590729,412874.2017
15.73244445,1.5535615,0.148505492,303328.8194
4.047523146,0.8003297,0.143205447,316928.4216
18.22278766,1.4486061,0.147534276,299108.841
15.74994519,1.5129929,0.148964372,365716.884
15.06671632,1.4734226,0.141865753,243026.3151
0.948385766,0.50254275,0.143560843,214361.703
16.22091153,1.5511294,0.147632224,383960.0196
16.48102249,1.6747811,0.145175181,301583.8171
18.13093359,1.3271965,0.146702103,305780.9491
14.46014482,1.5978198,0.148139912,253205.4473
2.156559958,0.61976958,0.141216663,361582.3834
13.0734193,1.4901278,0.143550084,323642.4404
13.32915381,1.4648849,0.14861481,388160.5925
16.37262312,1.4696136,0.144037502,206025.3837
2.211228784,0.62572644,0.147556148,309314.01
16.64723207,1.5449519,0.141490207,397873.6507
13.79645306,1.5665043,0.145166258,280385.9823
17.87033202,1.5106992,0.145350757,276732.9278
17.83844765,1.3528974,0.141695546,295620.7969
16.69224316,1.4168489,0.146852533,244381.4769
18.47163752,1.4857566,0.149137033,259936.9857
8.544903265,1.1779895,0.148003443,286072.1392
14.67433927,1.5841055,0.146647633,356377.6636
13.01603556,1.5119149,0.140967285,246917.4602
19.40865515,1.2867151,0.148616986,288708.1725
12.26082504,1.4063059,0.141942774,249399.3451
12.55833692,1.5008167,0.145943181,238999.8485
15.33785855,1.5171847,0.147833406,298153.1007
13.61692597,1.5201443,0.145377145,221011.1962
17.03622417,1.464724,0.14283725,262704.2296
14.5730824,1.4153722,0.147737848,272553.9603
14.63722569,1.5645721,0.141425722,399791.8306
16.57262317,1.4370064,0.143155607,285189.7092
12.24854266,1.4503919,0.149012708,292066.0104
12.15563702,1.3587535,0.143970639,253609.6981
13.70827322,1.4756579,0.145864187,300033.8093
14.99306011,1.5573971,0.146228345,285661.1831
15.42246136,1.5522388,0.142103668,353860.425
12.44581919,1.4098757,0.141054115,348954.6827
16.0561474,1.5759798,0.149127101,434148.3695
14.40826127,1.5890994,0.14848256,391830.9486
18.13842422,1.3181646,0.148427367,314292.0031
2.348844905,0.65012911,0.142848757,382021.1647
15.75849222,1.4764303,0.149216628,298031.0695
14.26236652,1.447288,0.147709768,334301.4647
18.25019739,1.4442165,0.147254566,252721.2473
9.530878781,1.2644423,0.145378182,267182.3508
14.98529353,1.4937005,0.143105446,312431.9941
13.19478088,1.4802906,0.145962703,363758.3952
6.890195112,1.0598936,0.143699137,318063.6827
14.76902591,1.6377889,0.147033774,434807.6142
18.60118506,1.6654852,0.144694687,354003.914
12.28555304,1.4361881,0.146599256,334242.9264
13.06789676,1.4542809,0.141813326,238801.3712
13.91352256,1.5816362,0.146238215,296759.8247
18.06936843,1.5838609,0.148717867,313739.123
19.88466359,1.5646497,0.146775689,391087.2649
13.83775052,1.5293581,0.14418636,315215.6732
14.663627,1.4585672,0.14316237,352895.2603
17.95138686,1.3417192,0.143191951,332225.4094
16.74828502,1.3590229,0.147797599,233356.6631
12.5930851,1.4533665,0.141181102,219037.807
16.01453166,1.6102394,0.147287614,285203.3253
17.19920456,1.520858,0.142757442,305104.3715
14.24120299,1.6307318,0.143460573,404152.0465
18.8007437,1.5950533,0.146886104,312704.9523
16.99000665,1.5671306,0.142266133,360289.4828
15.46286202,1.6890635,0.144019327,382717.9916
17.82876875,1.6457115,0.142476221,432074.2722
13.14073075,1.4984041,0.147342835,235337.1621
16.48625927,1.6651577,0.142615701,371043.0892
13.92229055,1.5509057,0.143405207,421479.0868
17.42163317,1.3422925,0.143966996,248353.4705
12.29789917,1.3958149,0.148636952,251919.3696
15.8229274,1.481027,0.146853248,221617.9016
18.58453424,1.4751248,0.142192384,393289.7853
19.8223939,1.3602205,0.141270038,409186.3685
18.68805982,1.3987736,0.14461432,422605.0214
13.8455784,1.601443,0.142978569,400262.34
16.87997174,1.3100296,0.147815742,220526.4554
14.7172741,1.5687396,0.14674543,395449.7238
15.48676153,1.4942482,0.148159171,263500.4214
8.073420974,1.1548803,0.144284736,257142.8245
15.06186444,1.5225432,0.145211661,290834.9849
18.55178595,1.4726174,0.148237035,230970.0144
15.95235991,1.4733276,0.141774468,281224.9072
16.29555766,1.3902434,0.148995812,261796.8894
17.22079143,1.3301065,0.143730941,211136.7079
12.24633859,1.4333637,0.148627216,434307.7151
14.05731443,1.5414393,0.146602764,400625.2298
14.6989302,1.6068873,0.142128137,324802.7308
14.6159803,1.5239268,0.141549309,378559.6973
3.728527939,0.77731196,0.147974099,383031.8708
12.30486523,1.4493527,0.144028357,227251.2382
16.87176034,1.4111022,0.144826616,273372.7958
14.39529679,1.5294866,0.148796413,259253.1929
16.62152954,1.5870181,0.14103168,419453.2218
9.862645827,1.2980758,0.141538729,417823.6754
18.10537648,1.4668647,0.14233911,309592.0793
12.87710117,1.5090691,0.14722679,221934.0201
18.31112535,1.618265,0.141698174,432977.9023
14.88975262,1.4856535,0.143788873,217173.2006
18.01835453,1.2587308,0.144601353,251261.1358
14.68311019,1.4764629,0.144046298,376589.8848
16.64442815,1.4410704,0.148886168,245404.9855
16.70404134,1.4616194,0.148688594,334940.6463
18.62873505,1.5742537,0.147756883,401968.7386
19.33202357,1.2615868,0.144929921,268710.7448
16.49069806,1.6340033,0.142168662,413075.4778
17.0201749,1.5696362,0.146497162,412743.934
19.18603474,1.2786349,0.142985749,380599.2128
18.99714286,1.1795494,0.145537501,224085.3812
17.80290274,1.4776177,0.147848905,334013.2282
18.69203855,1.3851614,0.147348128,348620.6168
14.33580497,1.5455818,0.147550762,248723.3975
15.48341474,1.4416013,0.148792772,332425.1348
14.50595134,1.5444765,0.148782522,294141.879
12.61477503,1.4643934,0.143316524,271955.5685
15.03273555,1.6781754,0.143414404,344892.0908
17.48007437,1.45769,0.145505353,404203.9178
14.2929367,1.4786661,0.142325612,271770.5728
15.32167153,1.4630735,0.143525472,236081.5439
15.98319564,1.6032098,0.142213935,428762.5764
15.32667772,1.5668367,0.142185911,362354.8319
13.21266225,1.5236478,0.146838078,335458.188
4.232268238,0.84162587,0.145727034,354333.5809
19.61178674,1.3430135,0.142726316,382212.8765
15.02792222,1.5565472,0.143403844,270657.4797
13.22899758,1.491113,0.146606736,314041.8605
15.26980913,1.5436149,0.148304127,319904.5864
16.8269648,1.6057016,0.141676044,408178.1091
15.60237754,1.5577049,0.145485369,295697.7099
18.11118716,1.4208914,0.143680538,235492.1772
17.1463028,1.4388109,0.145712499,318160.5708
17.42783433,1.4367413,0.148809647,384881.9149
12.88681697,1.4591034,0.146373084,284518.7528
18.08821808,1.5085835,0.142608842,362436.8556
17.82542505,1.6701892,0.143085746,315264.0156
14.63173706,1.4896997,0.146298575,314696.1933
12.730763,1.5374767,0.142631669,421804.4625
19.11930898,1.481695,0.141330095,375069.1217
16.96837531,1.5244257,0.14756584,234936.2453
17.2988485,1.2492216,0.148987606,252036.4034
12.13400369,1.3721772,0.147284306,310354.0808
14.38135635,1.5105545,0.146226648,264870.0384
13.56314814,1.5127134,0.147719249,244795.6583
9.273046544,1.1973064,0.143924915,224317.3088
16.72911851,1.5467125,0.140981823,383406.4377
19.10935117,1.3221777,0.148152547,328842.2984
12.60155893,1.4259071,0.145073317,245726.138
17.27984742,1.4783792,0.143080553,417933.199
5.300984488,0.91298346,0.145536032,280852.3742
1.285003366,0.53275178,0.144159485,330688.3551
15.47335557,1.5178992,0.142774549,227399.9687
17.08828097,1.5871596,0.147419273,410815.13
19.11082264,1.3621491,0.148556624,369889.6476
10.4444764,1.319233,0.145937503,259087.0927
14.39839403,1.4664685,0.148812126,241408.2176
18.97670334,1.6003039,0.144041139,362652.1216
4.527554025,0.88772672,0.144210519,388502.9087
17.6222889,1.3179071,0.145776815,272452.3463
14.07704712,1.5213023,0.141098072,216258.4095
15.01357973,1.5560647,0.144267912,295437.1881
8.590243018,1.1969925,0.148161267,355179.7379
14.45224942,1.482023,0.144418766,354134.2797
15.60968939,1.6141475,0.145880516,425342.5711
12.79775049,1.4538831,0.148531292,357765.4944
13.18425062,1.533939,0.1430232,236176.6718
14.54618364,1.5821677,0.141401452,380847.3833
13.83565684,1.5582995,0.146952772,213613.2587
13.45699721,1.4843224,0.14162664,312083.829
7.213251865,1.0967013,0.143477928,266528.6607
14.35580782,1.559629,0.141059362,378076.7753
15.63766104,1.6074669,0.146503708,434201.3446
4.187746568,0.82788932,0.14571571,249746.4286
16.13203135,1.5522836,0.143882311,409657.1637
15.61788586,1.5922556,0.149045793,405560.4091
5.135111437,0.93283056,0.145203231,367879.961
19.41374413,1.2808331,0.142793904,282106.7768
12.16800722,1.4152824,0.148772622,359431.2952
10.87013615,1.3709449,0.142429623,347423.5093
12.2685579,1.4631971,0.14925762,260703.9578
6.038790998,1.0183323,0.14136794,336300.1607
15.01603017,1.5798247,0.148469699,409494.9515
18.62654309,1.4123698,0.144688006,424696.373
15.6824956,1.5541411,0.147821698,264747.6979
16.59587031,1.4645126,0.141517285,333133.3914
17.81731525,1.4720349,0.147779033,408249.1355
18.75015629,1.4591611,0.148937918,372817.5386
16.21861054,1.677102,0.145142916,404417.0304
17.52551494,1.5134676,0.14180454,300790.1504
11.52487855,1.4351063,0.147389653,412516.8788
16.72529084,1.5235234,0.144786873,254942.1831
1.911453997,0.59510277,0.147897492,300901.4142
0.923519307,0.50457729,0.147634646,219453.6673
17.9374251,1.4646482,0.147795039,313864.3979
13.01283509,1.5297772,0.141709533,361453.2366
8.432977681,1.1967453,0.142428458,393877.249
16.10189276,1.5898357,0.140967767,389704.781
18.70914514,1.4801304,0.144446381,411256.9542
16.04639841,1.4515483,0.141148329,357745.5041
16.07166345,1.4986251,0.143887787,316528.5851
12.62242733,1.417519,0.149130944,379849.8552
14.4645024,1.5159112,0.142821387,206638.4088
17.76680319,1.496748,0.144168765,314314.7286
12.98066283,1.4526313,0.147701789,255022.7846
17.84175211,1.3772254,0.145416363,255122.801
12.80796134,1.4521019,0.143400416,334722.1112
15.84211686,1.5909668,0.145182787,311248.1509
10.48445378,1.2431131,0.144813178,252777.4525
2.35791601,0.64609407,0.147876962,393389.975
15.73433367,1.628885,0.147311799,337646.0367
4.442362705,0.84937838,0.142483366,247154.0158
12.91927293,1.4664375,0.146266794,393578.375
13.53018182,1.5628414,0.14698983,379091.4564
19.46946829,1.3277898,0.144110918,426511.8399
13.75863148,1.5111833,0.148417948,328064.8814
12.68313782,1.4528617,0.142994743,217586.4182
16.8589634,1.481743,0.14874263,419983.7077
18.46981872,1.5219773,0.144196395,405082.2617
10.60011311,1.306762,0.149095446,369936.6874
14.13065528,1.5576847,0.141500738,237267.4515
15.70092214,1.5978466,0.141474566,362314.9465
15.16507889,1.532366,0.148300775,206199.9311
14.76558098,1.6742817,0.146560408,412830.5469
4.455569587,0.85658859,0.144304428,360927.0801
12.88080772,1.418496,0.148052621,355974.149
13.00756223,1.4705292,0.143871629,295950.5345
13.58803918,1.5120816,0.142058951,429718.0113
9.360903923,1.2016629,0.145856547,248867.6971
13.76999471,1.529487,0.147425657,322610.7668
13.1088867,1.4363785,0.144499046,282736.9579
16.04341791,1.4077079,0.142881329,221508.4093
11.37236157,1.3213251,0.141385991,261117.5669
13.68129514,1.5396821,0.145236464,300498.4697
18.50567525,1.5842048,0.149404395,301780.9725
19.70539262,1.5587588,0.141020744,335858.2311
13.20357799,1.4772567,0.145264483,340320.7886
16.68434513,1.4306309,0.144069088,266669.104
0.372420805,0.45993075,0.142015355,228587.9687
16.21237588,1.6768778,0.146256974,397206.5836
13.48488571,1.5087172,0.14290344,351637.2021
18.90098959,1.2845178,0.148788238,241235.7317
11.91195787,1.3822494,0.147661981,393508.4618
15.23050678,1.6814352,0.147811293,415423.2178
12.97768546,1.4005199,0.144133889,308570.7777
19.15709878,1.4309307,0.142043962,422317.4496
16.66803601,1.5134821,0.147659596,282052.7255
1.777004989,0.58477719,0.143506581,264266.2386
14.49987028,1.5478424,0.146416457,363097.8821
17.4792069,1.4941162,0.143904966,253162.2528
16.51746088,1.5012163,0.142731723,278927.1414
12.6364258,1.4396414,0.144893275,350061.1358
17.85369761,1.3550341,0.144465271,328993.5228
12.62042439,1.439911,0.146403125,418758.1275
4.549236326,0.9055534,0.14331907,360475.3705
15.97705917,1.6303348,0.147340999,244611.7817
11.9038548,1.4059651,0.142094628,419920.0665
19.29455647,1.3901604,0.147701962,421434.6477
14.16372923,1.5699136,0.143855177,321107.312
13.53602786,1.4325556,0.144526339,251026.351
0.714708596,0.4477758,0.142322764,277448.8804
18.36983624,1.5882401,0.144119396,393155.7486
14.62695288,1.5743766,0.14642852,245034.4503
16.17911703,1.6220293,0.145507351,271384.4759
19.6559669,1.4497238,0.144506634,327611.3332
13.85434858,1.5045772,0.147481293,284179.149
5.329195707,0.94729111,0.146620828,424567.9793
13.34787954,1.4660791,0.145588323,301006.9563
12.23279856,1.4022639,0.146430073,285980.1204
12.60931653,1.4206634,0.145011794,327069.1052
0.198277287,0.42091101,0.147825706,411439.5508
15.44017871,1.5121587,0.143527208,240852.9233
18.25227094,1.4851903,0.142679044,401407.6099
7.658335848,1.0954012,0.145003815,226840.2853
1.189676903,0.49482294,0.147486503,242170.2964
17.16737651,1.6321181,0.141392432,429305.067
18.03148993,1.3288649,0.1471823,328720.9882
17.22241095,1.4168809,0.144552822,420476.1414
15.69482947,1.5959472,0.14639704,408855.7697
17.97557861,1.570865,0.147484715,403001.3405
4.998101663,0.89486916,0.145162602,343381.4607
16.58283899,1.5353894,0.142578147,218349.779
15.61148241,1.5819602,0.141749367,403623.5919
12.55881076,1.4094991,0.144227684,320046.2031
17.15078141,1.5194088,0.148109813,209452.6521
17.07889354,1.5110566,0.145091955,332383.3903
13.75044832,1.4956673,0.141507459,262542.3579
15.05228175,1.3737608,0.142496921,310416.2743
16.02728827,1.4776038,0.141443747,223051.8939
17.58643046,1.4881217,0.142027604,307953.3724
17.0851053,1.5959784,0.149105806,338744.5377
18.66590128,1.5686365,0.148519025,236264.2829
16.01277232,1.5187973,0.147030287,397987.8781
15.91271222,1.4579695,0.145593154,312214.1487
17.59446635,1.4216277,0.148553318,310631.4972
14.95847275,1.4412152,0.143098424,215376.9382
19.81069755,1.4496099,0.146747165,230688.0875
14.33275086,1.5827849,0.147729939,370351.4091
15.38304748,1.5714391,0.143600864,326542.5907
14.47278548,1.5125047,0.144814299,280471.1752
18.03465689,1.6033792,0.147507789,332595.1927
17.98398046,1.2850393,0.142693416,269667.953
15.4661919,1.4893675,0.147908388,287824.8407
15.61905726,1.5451563,0.144350215,341467.07
14.49591094,1.5288253,0.142493226,317243.288
18.13573089,1.2762103,0.146530032,248650.6028
4.131613386,0.85554399,0.146864416,397064.8892
5.590357328,0.89626269,0.143328342,208234.5351
12.66512934,1.3979423,0.146698738,234291.6526
4.437268238,0.87083281,0.144095343,334063.718
14.49074246,1.4498003,0.145065822,300563.1981
18.75363273,1.5058445,0.145785699,287299.6821
13.2993449,1.4924121,0.145325588,322294.1321
12.93901216,1.4637509,0.144660737,415151.0113
17.31008846,1.5054448,0.141729297,411870.6001
9.699022784,1.2821749,0.146356235,233253.1164
10.79255216,1.3707486,0.143432745,429168.3613
14.04677541,1.603737,0.143132797,302258.9606
17.69663668,1.3532463,0.145413895,213104.7434
16.97507447,1.5924959,0.146323926,392405.5193
11.37974775,1.3805208,0.146470769,397514.5376
12.82939471,1.4982992,0.146833583,316385.4013
6.479566318,1.0275041,0.14130962,400610.8919
13.32180948,1.4466712,0.143453916,244253.6253
12.29257512,1.3941448,0.147854086,295842.5091
19.65183618,1.3328415,0.141613078,327318.7965
14.73407586,1.4770382,0.146113316,266783.3645
16.7696136,1.4604727,0.146772715,310680.8968
15.71836033,1.5936855,0.145396502,340901.1076
15.07794423,1.5101459,0.144022878,410393.2872
11.69154927,1.3743177,0.142602123,279446.59
4.19003947,0.81469553,0.146984118,391553.6762
17.98489229,1.5476158,0.146414926,310728.7194
11.81118317,1.3809677,0.146528773,383064.8492
14.93340838,1.67823,0.142683223,319558.0973
19.93666815,1.4275265,0.149363168,416331.8598
17.2149045,1.4028431,0.148884361,264643.1666
19.74392105,1.3939873,0.145531172,252572.9995
12.18226132,1.3833028,0.1454481,309982.8881
19.4518547,1.3550857,0.144590872,393996.9219
15.87512703,1.5865649,0.141621883,288469.4214
15.08706614,1.631949,0.146294637,347115.562
17.28024085,1.4684355,0.146253653,409948.2128
19.90204812,1.4601248,0.142278611,422826.5692
16.63632751,1.5805333,0.142593144,354041.8348
12.42499796,1.4451804,0.147728241,426963.0399
3.654571479,0.75939297,0.143345513,344813.8425
15.80441313,1.562852,0.143372496,403826.4856
19.20756156,1.4317155,0.144402413,432033.9416
18.47344897,1.4813579,0.14571135,429979.6477
12.24928616,1.4319333,0.141769597,357982.6954
12.02449073,1.3898918,0.147968414,246397.7846
16.18824023,1.5421015,0.144496963,328014.4737
13.15532975,1.4969017,0.149327191,262495.9545
13.00963076,1.5538399,0.147804622,417981.4831
18.68377233,1.4581679,0.141431663,351101.3489
15.59949576,1.593712,0.143005221,326601.5332
16.93908805,1.3506192,0.146515607,221446.3288
14.39259637,1.5811101,0.141598132,302496.1206
1.420601703,0.54687243,0.149293036,301989.8647
15.22845303,1.5308717,0.144075705,309709.0279
17.81369677,1.1756934,0.143165095,220676.3767
8.359437324,1.1608989,0.141143435,234818.0218
16.79352996,1.6078507,0.141876618,416644.7021
19.06628438,1.4609727,0.145982521,314947.6745
17.7956805,1.4343213,0.147061445,392753.9506
12.02954181,1.3533817,0.148023441,262576.5232
19.73498219,1.5142838,0.141595051,374743.72
12.08062739,1.3708112,0.144141153,362471.048
19.19473611,1.3315916,0.143394628,215648.8676
15.5527141,1.6159573,0.148847058,244102.34
16.76478957,1.4504432,0.142382159,385561.6018
17.12742188,1.3329533,0.144314444,223904.037
18.11736997,1.6102535,0.145940728,329658.7905
12.09247625,1.4382037,0.144194576,335328.7647
18.32756697,1.51598,0.149154114,328817.8575
16.03475,1.5962133,0.141245988,310050.7591
16.10630429,1.5226722,0.143575255,271278.8474
19.22049428,1.3075721,0.147264631,340517.726
11.1650959,1.3522253,0.144734653,331293.1785
13.23397802,1.3814793,0.148091839,211491.2619
0.350587388,0.40817245,0.142016959,274352.8287
15.00249899,1.6562149,0.142675703,280000.7776
19.57857476,1.3346734,0.14467738,357026.9003
15.04173729,1.6014664,0.141945552,364912.2217
14.02067717,1.5193576,0.148208063,367199.3871
16.89452098,1.4215293,0.146101135,211270.0632
1.002469955,0.52669879,0.144560345,417128.4256
16.64917639,1.5450829,0.144848571,218675.4675
18.42819333,1.4041592,0.146568516,341320.305
15.78560731,1.6512883,0.14496792,283332.3719
0.191047141,0.41524391,0.143466115,432933.976
0.089153624,0.39249679,0.145966632,315665.9411
12.73920184,1.4309756,0.143298404,294169.3716
12.99141571,1.4536526,0.142269323,248630.9452
17.7861198,1.4193479,0.145005803,255294.7119
17.12591839,1.4365691,0.145890005,330155.5924
17.64350126,1.3479369,0.141654522,217187.4341
0.016604491,0.40637421,0.141659871,206403.0642
4.660856633,0.88042133,0.146751341,274795.9095
13.07663492,1.477208,0.141463221,312617.5146
12.36326968,1.4312918,0.144397821,382266.7086
14.85549557,1.529278,0.144673001,313599.0709
19.565056,1.3250147,0.145983471,413646.7754
17.90050207,1.5746562,0.141843597,431167.0035
6.151620281,0.99916832,0.145772841,351239.6722
16.91733663,1.5776424,0.147090703,418216.9791
17.10659514,1.5990868,0.143330596,322351.2187
12.64867876,1.4906474,0.147216987,306697.8769
16.47206469,1.6509629,0.148396622,399598.773
15.84450291,1.4519021,0.14519151,277131.0475
17.51201874,1.4289574,0.149278264,276366.6701
16.39864894,1.4800943,0.141498756,266507.9203
13.68975471,1.6169529,0.143812908,359861.5921
16.92491015,1.533861,0.14670458,385977.0782
14.85055501,1.5353237,0.144036446,278174.1306
15.62982935,1.6046169,0.144618503,412576.6179
16.38675998,1.5331524,0.141974444,219880.1855
16.25658556,1.5124419,0.145389551,254752.4528
13.78936132,1.4892892,0.143110584,385167.5567
15.51743779,1.6303328,0.147931298,378358.3363
13.96178956,1.5971806,0.142102899,293044.4241
13.161038,1.5478782,0.143484406,275948.3324
19.00717886,1.412367,0.149321599,369420.3155
16.74634331,1.5136682,0.144060199,361130.704
7.865520901,1.093268,0.146779569,318223.5929
18.13285993,1.4425806,0.144950846,292695.7517
18.19782009,1.6017328,0.1419655,322695.3645
2.54563407,0.68461468,0.147370695,208880.9479
8.452419647,1.1056292,0.143076664,207386.5641
12.99428264,1.4930077,0.141762721,390271.3073
16.77497394,1.4246673,0.142886139,209697.2611
18.43518407,1.474734,0.148322415,408426.1333
19.18289945,1.3433945,0.14737367,330192.2125
2.090118364,0.62880613,0.146208392,258826.1984
17.32414269,1.4193832,0.148163499,378801.1014
14.94354125,1.5110083,0.145288048,385055.7526
19.541025,1.2292383,0.1465392,289931.4833
18.1215051,1.5739346,0.148681081,419788.5678
1.519115188,0.56584014,0.146309024,374918.383
3.870303888,0.75509813,0.145246912,407345.8901
13.89530689,1.4926493,0.144610809,299155.8452
12.6747805,1.3595713,0.1415846,246747.8096
13.63602195,1.4993331,0.148550057,405734.6041
12.14113475,1.4831085,0.141290572,379513.5809
18.44195239,1.4850945,0.144657915,221757.969
15.80008418,1.4674232,0.14443471,294677.7033
18.3084946,1.2994454,0.147361552,224669.6432
16.73682314,1.5064378,0.143611054,231779.6976
3.581026895,0.78436086,0.14530366,302709.0353
14.11757888,1.4332024,0.142013522,218095.6826
9.908409936,1.2896446,0.146342479,265246.7897
18.83939438,1.4833148,0.147656161,390669.2508
18.69911313,1.3713166,0.143200239,308748.4212
4.546849462,0.86205545,0.145808062,346913.6978
14.74700612,1.5953397,0.147642388,388895.5377
1.026893966,0.50598623,0.142776647,300718.0821
14.01871179,1.5548759,0.144738813,356335.0947
18.32541004,1.6139627,0.14894593,407179.4988
0.404658103,0.43237782,0.149412731,305561.7052
15.18608359,1.4557995,0.141414613,248997.78
19.82881676,1.211395,0.144362143,295764.4065
18.22179141,1.4463999,0.147863378,229346.254
13.39735377,1.532365,0.14410006,388720.6595
13.02207641,1.451739,0.143054807,307483.0903
16.43924456,1.657527,0.146646509,386325.5893
13.59884626,1.4945604,0.142654363,244555.9749
15.58534094,1.4592899,0.149220827,336205.2857
17.63349779,1.6347207,0.148306299,264405.7314
5.34363853,0.9350504,0.146359065,353704.0252
11.07151595,1.3885996,0.149275009,378761.4767
18.64342468,1.4010552,0.141648272,229313.8948
13.98780917,1.6058001,0.147939263,418724.3558
18.54345165,1.4470606,0.14496196,387745.6063
13.56462,1.4601629,0.141849054,228628.6292
18.78419774,1.3040475,0.147520506,269382.0913
19.01622259,1.5203894,0.149025487,352684.2094
12.90614162,1.4449023,0.145461122,251806.4539
17.03060872,1.5533661,0.14732414,366347.1163
15.75353784,1.6050654,0.146924659,313507.6984
17.93494609,1.3177915,0.143969228,288412.9774
16.50299914,1.5493517,0.142461726,371456.5269
18.73230148,1.3500908,0.146348598,220201.6139
18.46446458,1.5421178,0.141353994,292891.8272
2.295046759,0.63697708,0.143016459,245985.3104
17.04498048,1.6233644,0.145204744,421153.8781
14.44792627,1.6154163,0.146448001,381312.256
19.90042022,1.3501219,0.145873891,395612.6701
12.57746918,1.4057958,0.149197142,367541.2656
14.73344244,1.583211,0.142074398,283098.6275
15.62250563,1.5905711,0.143445791,227769.3619
16.62637701,1.5154784,0.14325717,363866.7425
15.69066896,1.6146679,0.148312062,333031.6599
14.27314874,1.4833066,0.141111249,278565.4417
17.56522169,1.3026297,0.148216052,233168.9089
18.7657102,1.5444027,0.146323379,395956.2914
17.01032251,1.4038829,0.148914233,295017.299
16.91181479,1.5579517,0.145319934,426039.5986
14.26168257,1.5987864,0.147089252,292846.2635
19.81588107,1.3128853,0.146441752,345429.4915
12.58344157,1.4191245,0.143153329,389138.8914
12.73629251,1.4341481,0.147205972,386398.5882
18.12613587,1.4112148,0.147166014,243987.3953
2.662950024,0.70399711,0.142237139,384751.8379
13.48703968,1.5705108,0.147681894,374962.7564
17.99317028,1.3209233,0.142305021,249576.4258
19.32972568,1.5240804,0.147747633,379573.0543
14.19900878,1.5815446,0.143779081,283704.3686
15.54634518,1.6368949,0.142620081,324316.9631
17.73676513,1.5352307,0.145993748,232865.6168
17.19329053,1.4307231,0.14404353,263309.5123
12.63357963,1.4781467,0.14208108,220095.8116
12.96549154,1.4909717,0.146010069,345999.1255
12.56781778,1.483475,0.141992422,304015.0107
16.55088156,1.3654738,0.142523334,318581.842
19.63678732,1.3836744,0.145240363,349673.5078
12.42244366,1.4047896,0.145008682,380180.0918
16.95108426,1.4878461,0.143651868,334087.163
12.25405162,1.423081,0.144106611,351277.5453
10.26809763,1.2922598,0.141480164,266000.9458
14.80181925,1.5005801,0.142761936,220038.0993
18.52708998,1.5235879,0.142224784,288939.0564
18.18992476,1.4446023,0.145727665,242130.7
14.54350556,1.5247306,0.141513966,274986.4973
9.98690993,1.2801558,0.143416199,250924.7998
17.24764695,1.5331351,0.141215972,368811.7948
18.5319714,1.2160317,0.144239902,360073.0283
19.0787055,1.1008945,0.141365378,292393.8534
19.69319311,1.5133178,0.144810438,410157.8821
13.75379359,1.5339715,0.142585718,433419.6277
15.98192373,1.5815764,0.145290319,259788.2708
18.2571431,1.4020411,0.142410662,356723.1305
1.811696276,0.58994968,0.147222603,431797.0299
18.27099736,1.4691706,0.142556338,336728.2258
15.79978867,1.6181724,0.148277777,358624.8157
15.80232508,1.4554418,0.142893345,304964.2184
15.44675651,1.5175011,0.144656417,350541.207
12.74952457,1.4342941,0.146652807,239340.2255
14.25639005,1.573773,0.148596474,328288.927
16.90644126,1.2971377,0.144407704,260973.5195
2.08038387,0.62067351,0.144254809,288534.1487
12.74233298,1.5320185,0.144927767,342457.8662
17.3607878,1.3618331,0.14516611,316915.3637
18.87928488,1.4941346,0.147560649,342100.509
18.47440735,1.58766,0.14102476,400059.1514
13.85065395,1.5082663,0.147552986,220886.7429
18.82785296,1.4040207,0.146065229,364135.6785
19.88386423,1.5170204,0.141562656,306463.5995
18.03933906,1.5133064,0.145878305,371849.0617
16.00660814,1.6509777,0.148700207,421508.2429
19.25267729,1.3328484,0.147903259,390603.0478
12.81289179,1.4770064,0.142357907,333697.1962
13.74696621,1.3749839,0.143162701,216649.4986
17.29503623,1.5144197,0.141016541,296473.1279
14.81560511,1.5348539,0.14577062,285089.3403
16.37993975,1.427644,0.143844503,408470.0433
15.37996406,1.6893229,0.145841215,397225.9823
12.23975281,1.4397909,0.14308305,378870.1124
17.00918023,1.3405058,0.148734387,263821.4531
18.43622371,1.3408252,0.143471142,268855.5242
8.097737556,1.1786247,0.148209868,398451.5307
18.59382859,1.3759019,0.145109392,280887.2586
13.56999166,1.5359914,0.148017727,382502.6365
15.02125851,1.4765105,0.146329009,268476.1546
13.0899348,1.5320084,0.148684857,257863.3491
18.8302187,1.353368,0.149279004,335564.6787
15.65687264,1.6502951,0.145790476,430875.6608
14.02980416,1.5852034,0.14334693,302841.9143
14.97613401,1.5564933,0.14488127,428927.2237
17.32945352,1.5042853,0.149263292,382119.551
13.14600252,1.4847862,0.14122442,338800.8668
14.83470451,1.4838292,0.145801949,235804.7082
17.15482495,1.4178927,0.148059024,377752.1101
14.31913518,1.4442663,0.142181353,345006.7912
3.700799342,0.78131486,0.149194294,338265.831
18.95854277,1.2503008,0.141112373,329228.6403
9.191597023,1.2385508,0.143409736,311738.872
14.63276957,1.5941346,0.145600163,360736.7231
1.266789416,0.53520112,0.142736893,264159.6874
1.933075378,0.59941324,0.146616907,403360.0056
14.86384986,1.4723117,0.149287523,292226.055
8.032459917,1.1628917,0.147590404,344835.5848
11.59361691,1.3812881,0.144956058,334670.4094
15.89231295,1.570185,0.144202646,411337.5159
1.377331388,0.54743016,0.143541483,286730.183
12.81865065,1.5036876,0.143835769,400074.8729
16.54897413,1.5361513,0.144533985,338333.8748
2.784392032,0.65916194,0.141532687,408800.3458
4.482415342,0.84191282,0.143247638,396407.4795
17.12811728,1.5271239,0.146056849,313633.6044
12.7904572,1.4443949,0.145555284,262462.3438
12.69637776,1.4305498,0.143167372,329529.0665
14.0822992,1.5820176,0.141913733,230334.5333
18.78210464,1.5066313,0.14790074,417043.4789
12.97489782,1.5460638,0.147415426,269323.0674
14.75453801,1.5181644,0.147171808,239871.8155
15.56806622,1.5868841,0.146813914,339900.2412
17.55208976,1.597421,0.143052007,332772.4921
19.02169452,1.5327593,0.146705564,342718.861
19.74188262,1.5508383,0.145577418,325738.2656
17.36676626,1.5565051,0.147356003,253549.5557
17.03589188,1.5047085,0.144748896,386042.2797
17.83271666,1.3779222,0.141008627,251516.965
18.24872973,1.494786,0.141081648,240795.7554
8.927151495,1.2305466,0.146005811,308654.5449
16.84940782,1.3468536,0.145775506,218169.2039
12.36866021,1.4587039,0.14441533,281439.6417
19.22847683,1.2899239,0.147717737,418282.0539
15.97824622,1.456791,0.142991227,235117.7619
17.99693099,1.4890898,0.143363582,375477.3531
17.90346895,1.393485,0.144769325,225430.395
16.23969894,1.46852,0.148489685,399197.0672
12.43938382,1.4531258,0.141213098,362903.888
5.553492984,0.93339713,0.148540968,292823.1422
13.50009305,1.5204574,0.145051373,217412.0641
12.89172517,1.4276768,0.147880673,225772.5975
13.68359267,1.5342657,0.145502599,291078.218
15.09442509,1.4644397,0.145683016,264206.4133
12.72155441,1.4080256,0.148029916,232225.3111
15.91126243,1.4936221,0.14860352,371907.0282
17.99592192,1.6290046,0.1428546,352802.3599
15.46181544,1.6113054,0.142955551,329667.5996
14.78841674,1.4700774,0.144569514,276632.9297
16.69963396,1.4104045,0.147953444,261747.6504
15.51151444,1.5768377,0.148633142,222235.6733
19.76039096,0.94336865,0.147326688,354255.836
15.36679679,1.5263008,0.143898906,384954.1584
17.03924033,1.4205998,0.146540916,209756.2921
6.24032005,1.0235134,0.148545059,341384.1691
0.737783355,0.46405374,0.144516816,323006.2007
7.254108261,1.1240662,0.144854537,385353.0483
18.18690203,1.3208773,0.145296266,313355.7501
17.13614382,1.4685333,0.144472693,226728.0844
13.59710874,1.4390752,0.146519458,249898.4512
15.8950551,1.4583591,0.148299497,309876.2598
12.48450342,1.4254436,0.144661376,223577.4387
17.58976775,1.3792494,0.142545627,214447.7375
12.64736686,1.4501008,0.147386285,289568.8943
17.22914226,1.5905834,0.144569069,301193.2262
15.40952888,1.4334088,0.145034114,208664.397
17.70828691,1.7542719,0.147402288,407840.4697
13.63394941,1.4294072,0.143010544,208274.7949
18.12349217,1.5594797,0.145517128,376775.9785
16.10906304,1.5760143,0.1412576,343468.964
12.51775814,1.4144568,0.143790778,329140.9828
14.65294198,1.5531952,0.143141314,259128.201
12.24481315,1.4480685,0.140989483,350494.0937
2.75137682,0.68943643,0.142475584,323244.4392
17.18486837,1.5795987,0.142273111,395148.2398
18.08672959,1.3204813,0.142603269,367993.6034
15.5773757,1.6063165,0.143686946,332890.5632
19.52138296,1.3850609,0.142220344,422425.3375
14.20852473,1.5441429,0.144437713,433016.6163
16.27747599,1.6268618,0.146268796,426771.217
18.02231153,1.4884844,0.144174019,408207.1246
15.23459251,1.6479863,0.147957248,397610.8793
15.36980716,1.4915089,0.143949918,233029.4396
12.25313165,1.3835213,0.146681305,208033.4259
12.27969279,1.3863822,0.146475727,390209.1629
14.2915069,1.4358784,0.148870378,246301.3829
13.40838103,1.5593239,0.144861524,361788.8993
7.070586174,1.0595793,0.146883693,247762.7836
8.412673703,1.1698166,0.147814691,350474.3402
13.45074371,1.5226551,0.145208453,278312.1206
4.071933906,0.82089113,0.14398333,403380.0211
18.74328486,1.4290985,0.146231179,300924.8755
13.2520488,1.4700169,0.14111723,424971.3311
15.72068003,1.3485804,0.145323395,271060.4866
13.17231333,1.4005767,0.148271197,252518.4226
15.30663121,1.5628688,0.148804012,289362.1056
14.00453894,1.4990746,0.147514467,282855.1037
5.728081441,0.96628752,0.143578199,389021.4823
12.71424171,1.4113397,0.146993121,296939.5992
18.92378426,1.3061479,0.147154333,262283.5274
13.53370021,1.4276881,0.144366663,326145.6121
12.69256232,1.4150727,0.143603518,373302.8327
18.10061466,1.4776689,0.149365551,338410.7179
14.14070662,1.6368524,0.149415831,360746.8117
14.01578276,1.5261959,0.146733914,223802.1724
15.94193412,1.6750597,0.145708985,424256.7525
12.70522183,1.4595255,0.142791555,372051.0079
18.64443195,1.5454431,0.141119729,349870.2201
15.96664637,1.7058544,0.147504352,324865.0402
12.29306053,1.4500771,0.146678251,318901.4775
2.677335365,0.66421692,0.149021888,322768.7985
13.07416664,1.5183093,0.141679392,221366.6002
6.87733928,1.0271527,0.141083442,322126.4303
16.76215835,1.5349005,0.144574252,308026.8118
17.70071811,1.5106728,0.148146953,311016.4344
16.56173605,1.3762259,0.148027156,234779.6281
15.03735905,1.6106228,0.144925087,273442.4606
16.9152212,1.5061047,0.142946661,319831.8992
14.90629074,1.6234569,0.146200421,368679.3796
18.61368591,1.4002985,0.141356789,325382.9014
0.727022091,0.49002709,0.146510049,216870.0415
12.91424403,1.4256399,0.14108696,236959.9923
16.04568309,1.5617656,0.149016295,411118.4332
14.74462686,1.5363869,0.144061113,354869.5067
16.98605488,1.5784902,0.141337067,274028.6208
18.4142915,1.2449356,0.145525253,311876.5872
14.47067467,1.5270951,0.145418693,224160.5012
12.34602256,1.4049762,0.141178697,376451.0667
19.06103938,1.5925035,0.147462916,328366.6972
18.15336657,1.603635,0.148008221,422868.7928
2.468983839,0.67720136,0.148385325,217632.2752
3.762699766,0.72005983,0.14941182,304173.3436
17.88955798,1.5228759,0.1464683,383702.2773
13.18049708,1.5476162,0.145698372,357688.2155
17.62720691,1.4012964,0.141711052,265312.9715
17.4758933,1.449172,0.143237881,259878.0461
17.28491788,1.4401679,0.141745076,411392.2563
1.119573023,0.50920293,0.144444731,384624.8632
12.39078111,1.4510769,0.141352069,410999.3838
13.35055066,1.5116837,0.144317087,428744.8247
16.79945239,1.7030581,0.147151926,422277.3511
17.77181269,1.4246504,0.141260162,433632.4892
18.39380608,1.477419,0.146067037,339281.8786
12.93427941,1.4948546,0.147282863,315121.9929
8.631304387,1.1953778,0.142503928,396087.3361
12.85416723,1.4479363,0.142434972,398502.6067
13.29776451,1.4280215,0.14924504,210531.76
13.64583477,1.5589966,0.146594766,259337.234
14.08848842,1.5797715,0.146237301,399715.2053
19.18560538,1.5039538,0.142352393,416454.9008
14.57410567,1.5649986,0.142285611,274714.9854
15.17188494,1.6530972,0.141192683,348450.243
14.21721261,1.615118,0.145056048,242677.5328
18.16231086,1.5222104,0.141331988,312399.5066
16.45689763,1.5622908,0.1446187,335509.7151
12.38583715,1.386506,0.144504372,355029.9286
3.094558412,0.69828131,0.141300655,337225.7769
14.71462761,1.5018163,0.142032621,387232.7856
2.937476364,0.70687803,0.148852735,430570.6748
17.21131233,1.4115274,0.146735571,390249.1298
19.02686522,1.4799919,0.14575694,228675.8303
14.00725526,1.5584254,0.147610261,356876.9686
0.455791292,0.46613505,0.144127512,337954.8926
0.76913731,0.46542152,0.141171189,261216.3282
16.82381102,1.5711883,0.144959871,245838.2182
14.96579559,1.5344254,0.141768274,209396.0164
16.72329435,1.4174415,0.148830942,310271.7103
12.85153627,1.4290813,0.148329157,211078.4818
14.61980978,1.5539433,0.146156622,317073.5001
15.62005972,1.5155362,0.141202642,287463.5165
13.03742435,1.429312,0.144071347,388637.3502
14.99424703,1.4847558,0.147444181,337053.9927
14.21249378,1.5050855,0.147488923,428800.5321
13.26703626,1.4724933,0.147899351,226297.0734
4.934103204,0.87249423,0.141538577,273098.7918
14.32090478,1.5343808,0.148967369,223579.0134
7.116053925,1.1181059,0.148099535,408787.6634
19.1132765,1.5950602,0.144877877,368294.1486
13.79445268,1.5013377,0.144816852,244840.958
7.850793126,1.1722604,0.144274155,376112.793
18.85869553,1.6454701,0.146626648,408591.0056
14.4684525,1.4443793,0.143642457,240874.7405
0.420028277,0.449472,0.148503736,319228.3327
16.90050195,1.5224942,0.146819263,288331.8483
17.15629579,1.5461745,0.146657847,366677.6674
13.6380363,1.5281316,0.149373922,255236.2626
1.329586461,0.5329528,0.143837817,210421.7427
18.35587751,1.5884659,0.144856135,393088.7338
15.08199006,1.4324732,0.141448928,301622.4532
12.14918493,1.416778,0.143805801,266066.4946
0.534895621,0.47120108,0.146310799,411634.5761
19.79590494,1.4121701,0.144348496,294798.9483
19.65624714,1.2572544,0.146080033,362084.3629
14.0714506,1.4765456,0.148567246,403561.3783
18.8722991,1.4856943,0.141682428,388362.3224
16.3838334,1.6110173,0.141296479,299220.3503
19.73154621,1.5019232,0.141577413,382466.2994
15.56100913,1.6221398,0.14441032,218506.4088
18.11979902,1.501356,0.143333899,296802.6555
12.18078188,1.3960583,0.144868512,314157.2016
18.30425546,1.302324,0.144365768,261050.2151
16.31015252,1.5645461,0.147490446,320263.7293
19.88896174,1.0788354,0.144396534,422152.9044
13.5028097,1.5298687,0.148126303,371216.0118
15.5928763,1.5202675,0.146096745,359953.6371
16.97259861,1.6088754,0.143142682,266839.7117
12.94239736,1.5398944,0.141817163,355541.2076
16.91831391,1.4779924,0.144384757,371239.9339
12.450181,1.4715466,0.146216056,425613.2357
3.055052411,0.72475452,0.147556244,257929.2103
13.03840954,1.4683897,0.141361047,270884.0724
18.89818214,1.3564977,0.14872206,402694.4624
9.624014703,1.2279751,0.143768085,257364.7559
16.33004067,1.6243083,0.141455181,420404.8743
16.19418832,1.4662167,0.147499188,291874.7889
15.99333798,1.5770634,0.146574888,325106.1719
15.21991834,1.421342,0.148511571,368580.3999
14.00143743,1.5498145,0.148737074,246186.6824
14.25171286,1.5752109,0.147411288,374080.4909
15.20180819,1.6297324,0.144012789,257826.7501
1.790570144,0.5669769,0.142481967,305683.7339
12.39641081,1.4477291,0.145562064,423758.7259
15.15048233,1.6533004,0.141251078,387377.8293
19.60097308,1.6318398,0.145135058,387140.1512
15.23776912,1.6236556,0.142841286,282956.8208
16.06230447,1.6088727,0.144226449,374248.8554
12.49693216,1.3770771,0.141504947,206374.0024
12.51562513,1.4596636,0.14622549,368970.9299
16.56960308,1.44095,0.141429772,222673.9985
18.26169003,1.5736308,0.141879425,432332.136
15.24111503,1.5027495,0.143243573,297609.3718
12.7504397,1.5138003,0.145840118,302113.0117
0.906200067,0.46648719,0.149036666,325438.2282
2.373048352,0.65160911,0.141823706,258045.336
13.96379793,1.5012807,0.145231283,301316.7984
19.73953401,1.1528595,0.142284284,367229.3583
10.35623008,1.3203048,0.144944026,390969.0791
14.43347861,1.6425337,0.144784537,433278.693
13.15649326,1.5215998,0.147279809,420077.693
18.75974936,1.29908,0.141038239,216940.9885
18.85704208,1.3034968,0.147925367,229143.8533
3.141127173,0.74130558,0.143742944,391808.1805
15.08430269,1.5523544,0.141369881,347961.0222
13.17789784,1.4760466,0.145774443,230641.0358
19.70712973,1.5414439,0.144799658,409585.1971
13.96739788,1.5910752,0.144103215,244526.7553
12.76063852,1.5059751,0.148710667,359257.8449
16.18324494,1.4939744,0.141378764,251253.6677
19.40499702,1.5167655,0.147128667,340582.7499
16.16650629,1.6410382,0.148346211,371547.308
1.681554627,0.55224986,0.145369671,287614.9816
12.92414594,1.480711,0.141759712,297131.6569
12.14585203,1.454754,0.144759211,241661.9574
16.68854578,1.3856336,0.146195682,309759.6483
19.5099837,1.4151679,0.146105094,274078.6264
13.37054732,1.4247172,0.142952844,318474.7431
16.5646155,1.625959,0.142698974,324414.2442
15.6143627,1.6163017,0.146206075,403093.1142
17.09902647,1.5794712,0.143829904,383465.9636
19.81242705,1.3650204,0.142436047,392847.3305
8.766965523,1.1619962,0.143073111,225888.5379
8.736233762,1.1935203,0.14742296,339603.3486
17.4441477,1.5587392,0.141025947,435121.2041
15.57002718,1.5101157,0.148243622,382661.7638
13.3910292,1.4734604,0.148786356,406530.5927
1.504143962,0.53215191,0.142447599,364810.9874
17.30572219,1.5787736,0.149391166,305887.3274
13.74240271,1.498945,0.145456938,312149.4493
18.77824795,1.310029,0.142617105,350009.5732
16.29016792,1.3735099,0.147788018,327434.9449
12.61234059,1.4926521,0.141573456,298430.9752
18.02028069,1.4137322,0.144028737,313018.3251
19.71570444,1.2595618,0.141289253,227713.1654
16.95674892,1.4244118,0.142194782,301730.475
14.95755891,1.5055769,0.142314329,290080.362
16.75899466,1.4468098,0.148694646,300782.9138
18.49154865,1.4321638,0.146963573,241931.1906
18.09985934,1.4564135,0.146492059,352649.6566
14.15623496,1.6394586,0.142971775,302740.2408
2.254572603,0.61316367,0.143664856,264639.0114
14.04362882,1.3611145,0.147161811,216732.4104
12.54337748,1.4342967,0.146061415,424596.7616
5.122780791,0.93435687,0.141130126,305943.334
12.62714695,1.3888462,0.145669392,313838.4939
4.676813565,0.87634837,0.149157659,401700.4961
14.42670709,1.5739605,0.148321475,253324.856
19.33620038,1.3044373,0.146994909,322205.7893
16.29853883,1.48543,0.142232364,245804.5907
16.14640094,1.3921615,0.143716859,226756.317
15.48493266,1.6877656,0.144945139,389300.0324
3.948470378,0.80775536,0.141495534,296114.1476
17.66564753,1.7058419,0.143094234,427928.4106
12.61902722,1.5157944,0.147195868,341549.2475
16.80964081,1.5676388,0.147210732,371701.7484
4.380657088,0.83484496,0.146558969,420776.1202
12.74141881,1.4215426,0.146128859,250564.4505
14.18017933,1.5184809,0.142934409,312585.1676
17.05395113,1.4741659,0.148100376,281583.0064
14.3080804,1.4720284,0.142249898,211710.6426
4.706369585,0.89292249,0.142463001,343148.0308
13.39430368,1.4765103,0.141457129,235200.8709
14.46653499,1.5622583,0.147383177,418992.2234
18.59683559,1.275757,0.14511154,212791.9384
4.466385006,0.8446686,0.144804158,381694.9419
12.81599545,1.4406242,0.14611534,396316.1837
18.89783258,1.4875798,0.143106644,239281.3778
19.13858968,1.1993214,0.141891308,231188.8646
16.88375076,1.5264558,0.147248186,321917.428
17.30679153,1.481887,0.147643197,297306.0381
1.929492932,0.57526253,0.14653649,253591.8937
18.69732868,1.4086649,0.141388419,359530.0725
13.25134313,1.4772026,0.146379049,295281.9064
4.871504385,0.86618794,0.141569454,246827.1472
16.19126189,1.5861054,0.14193371,342499.2194
4.311978517,0.81878782,0.14521678,267316.675
6.910516933,1.044168,0.142341581,242465.7852
15.98473666,1.472142,0.145364976,280366.5115
19.47774375,1.4730317,0.141346758,336767.4349
7.547355225,1.1237245,0.145638886,434853.3305
19.70239069,1.3792522,0.146338159,405442.4301
16.56323362,1.538195,0.144279411,281552.0939
12.26665729,1.4302232,0.144427965,255202.7207
0.474964891,0.46054419,0.145699714,300253.7812
15.93267244,1.5854053,0.144632426,321413.1842
13.32230773,1.4988554,0.146707851,213018.1077
17.02929196,1.5439133,0.141090732,394348.4196
13.94182908,1.5059158,0.148479328,306870.642
12.81031497,1.4873028,0.145950533,418926.4403
18.05600387,1.4394615,0.14250771,435012.447
18.89276683,1.394011,0.14798852,294504.8694
15.35659804,1.6379859,0.14304276,427058.6165
18.09230227,1.4788807,0.148206984,412897.6337
17.68250853,1.4931999,0.14457624,212876.2526
13.73564243,1.4784378,0.147993303,213346.5899
3.124437714,0.7121147,0.14867542,315045.3124
16.7166531,1.4983707,0.148765709,365402.1501
17.87637165,1.6053193,0.145737092,362955.8329
15.12314462,1.6900506,0.144727145,420244.5184
3.842373759,0.79361018,0.14416961,420358.3247
13.82804504,1.6122836,0.144831694,403239.9878
1.606169697,0.54933492,0.146687346,399543.9354
11.54421596,1.3513501,0.146694088,389108.58
18.34444336,1.5354699,0.14266991,344106.6755
14.98362443,1.561602,0.149082718,391222.8661
4.854937175,0.88100447,0.147835587,259464.4523
12.87399227,1.4958867,0.143329672,386813.5491
14.53922681,1.5722131,0.141061499,307445.8136
0.651451886,0.4603282,0.145707081,283300.1065
14.61148926,1.6040387,0.148653415,389719.7694
12.12441065,1.3841495,0.148187712,365053.3986
15.70614925,1.5097733,0.148453877,265214.3941
16.87429023,1.463528,0.141662276,371616.7075
15.96999721,1.6537426,0.145876266,396911.3332
15.75071432,1.4020855,0.14230295,251130.0189
18.5212309,1.2712992,0.147906525,210924.1202
16.1436567,1.4497045,0.146281422,347579.7211
18.2993272,1.4690362,0.148528342,267156.4564
19.04136481,1.3250499,0.143862881,244948.6002
16.52208681,1.5154291,0.1412446,328965.6221
19.17275849,1.2474635,0.146619499,433343.9537
15.95759527,1.5853423,0.14163333,340710.2166
16.06704632,1.4424164,0.14142306,381435.8619
14.89785428,1.3978102,0.141644524,309559.8317
10.50902262,1.3263904,0.148821631,309014.9909
19.26904585,1.3408927,0.143226046,228298.9093
8.632514571,1.2157219,0.14336491,355730.6631
0.272145089,0.39676976,0.146732069,211481.0642
19.97061814,1.0146547,0.149027321,245563.4252
12.26382331,1.4530927,0.144667342,408320.175
16.40501268,1.4590305,0.143118704,280622.2293
12.72570636,1.4487995,0.147516177,284245.1664
16.93737658,1.5511535,0.144209235,216847.6312
12.83129018,1.5003622,0.144479758,402597.3771
17.29793709,1.3730281,0.143089278,297997.3789
16.95982739,1.3912869,0.146870815,347539.9421
1.277810147,0.49951061,0.147712601,229496.5344
13.28759282,1.475292,0.148403592,349283.8074
19.16634655,1.3707922,0.143370684,340023.7626
12.8521709,1.4337486,0.143927117,326194.0971
13.22698304,1.5046876,0.146754515,422008.5209
19.86976338,1.1693778,0.147303914,313170.9787
15.28849266,1.5984823,0.142035068,383809.6289
14.85886839,1.5878165,0.14567278,406733.7346
15.38686571,1.5243276,0.14745282,246151.0347
16.83613056,1.6608588,0.141558897,321196.2374
12.78020924,1.4816494,0.141103774,416758.8894
19.0557665,1.4746915,0.143061745,407047.7794
1.297972869,0.51749735,0.146982799,307878.2303
14.79689737,1.5965601,0.143176027,369975.8755
13.43857613,1.5083056,0.143678596,425386.0209
16.65956408,1.634515,0.147782463,406418.24
17.52966155,1.5051389,0.146370065,225019.7413
16.09793954,1.4652303,0.148477389,309492.5791
17.41790111,1.4432055,0.143234353,260847.2431
15.25458453,1.611525,0.146749593,399448.677
10.18933158,1.2849946,0.142390618,214605.0825
15.261553,1.6488284,0.148822805,433609.5939
2.176783595,0.59744947,0.144212215,431847.4534
13.25894998,1.5230492,0.142119828,418494.5517
15.81742149,1.4433104,0.148283299,304469.3213
3.224643412,0.71889372,0.146068976,348399.9447
17.06233002,1.4701471,0.147724747,279827.4666
10.93278664,1.2926022,0.144713821,209024.5991
16.86029923,1.3944838,0.145876723,250334.882
17.61213263,1.3908624,0.149186206,411905.3272
12.13985392,1.3771161,0.14296222,265779.487
14.97239154,1.603065,0.14400819,320527.3575
12.28765745,1.4636968,0.144296615,334199.5817
12.63300887,1.4600955,0.144531463,424399.3691
11.95139698,1.3674373,0.142748527,389526.5818
15.00058429,1.5284776,0.14479734,253675.7955
14.53306234,1.6328575,0.144980123,339116.8519
18.18495254,1.7075202,0.141548547,416531.7301
18.57113125,1.1970869,0.147435536,409835.1909
16.22814668,1.5304949,0.147946465,353547.6024
15.93634187,1.5417573,0.146076659,417755.1894
13.90865248,1.5675045,0.147895249,426856.2657
13.69844853,1.5328704,0.149165907,327681.0851
16.57531697,1.4314263,0.147266426,345121.7017
17.58080598,1.3511281,0.146686229,284129.7954
17.17867704,1.5586532,0.145749566,413560.728
16.84213031,1.5885044,0.1485274,424440.7783
17.03225339,1.4404545,0.141844419,304330.1272
15.57888467,1.4141206,0.148755042,223495.5072
15.72680237,1.3964132,0.141254279,383333.7793
17.87294865,1.4699465,0.141750642,359791.2319
0.597632876,0.45969234,0.146099463,230828.0443
14.34016311,1.5274892,0.143771522,327956.8377
17.13208937,1.4798366,0.146986351,350819.258
6.026669561,0.9444223,0.145897719,294313.555
17.32063593,1.4792398,0.146123772,358707.9317
13.30546427,1.5938936,0.142440217,377222.6033
18.4797122,1.4886126,0.146478458,385275.9517
14.65657816,1.5150288,0.141672591,338842.0874
14.72474355,1.5143484,0.146951435,279258.0665
12.79864051,1.4697912,0.141204383,226394.5841
3.977504411,0.81617494,0.14730833,279295.1178
13.71916285,1.5338806,0.149146804,402372.4451
12.98803245,1.4760249,0.144312096,432652.3231
18.20009669,1.4032745,0.148167445,361030.2529
12.69131633,1.4738537,0.144355886,366854.6496
13.54591241,1.4909226,0.142450574,410819.6569
18.25870397,1.3968003,0.143421166,315949.2182
15.89065934,1.6644775,0.14331728,400933.0265
17.40914115,1.3479939,0.142944231,228005.3191
17.83167904,1.3357684,0.141645515,365831.9084
3.80460583,0.78651711,0.147750991,264571.1262
17.39513504,1.5046147,0.14852148,319363.0032
15.05459617,1.6711277,0.14139905,278406.0948
5.661826952,0.9664165,0.145637068,321941.8729
19.19802991,1.3002301,0.14570306,402901.355
0.312911208,0.43443471,0.142261965,346410.0451
18.64864449,1.4116289,0.149099761,334505.5255
17.44654096,1.4815413,0.146728556,351951.3784
17.81953423,1.50414,0.147919992,433254.0685
14.69543417,1.5009693,0.143955306,289090.2383
11.23134031,1.315984,0.144271672,234412.5947
6.058117611,0.96990184,0.149140162,301687.4228
13.09487179,1.4259757,0.149361312,268031.165
12.17898199,1.4468438,0.143934546,257988.2106
15.11793508,1.4966234,0.14112377,207443.9956
19.84656113,1.3651708,0.143554563,414581.0935
12.15998201,1.3672054,0.142642797,265866.5166
3.475470112,0.72655771,0.141582766,229700.3131
12.90198413,1.4176163,0.144435721,240744.203
16.90981313,1.4263197,0.147113584,361656.0836
16.30187915,1.5884039,0.143159549,308178.2439
19.85799227,1.3189493,0.147679806,235850.6693
17.34442035,1.3488817,0.147290682,253974.1059
13.92872962,1.5273976,0.142552859,286701.0589
13.25515322,1.5789416,0.145442048,384069.6112
11.27497101,1.3417799,0.141969429,336914.4378
5.72275601,0.95430586,0.145721651,286968.5182
13.9105738,1.5264811,0.141342165,354937.274
14.83032955,1.579418,0.141393896,248742.9687
13.51030797,1.5182221,0.147541553,370853.1086
15.20947077,1.5031481,0.147070349,277291.4215
18.94888363,1.3480234,0.148716614,328767.9525
18.50320358,1.2908236,0.141465298,246874.4997
15.5022424,1.667823,0.146032671,383595.2915
18.61455826,1.6670639,0.146422079,431494.9535
12.42640489,1.3758298,0.142243277,233871.5723
14.1092423,1.5425424,0.141602544,312925.1518
14.8780975,1.5697733,0.146712957,376543.0311
1.865865394,0.56456415,0.145220304,299916.7523
19.71896195,1.5093044,0.141229494,393632.1512
18.19316839,1.6535761,0.146930561,408675.8018
18.03689726,1.3935256,0.144724645,355632.0855
17.19521028,1.5530741,0.148770478,352524.3916
8.383489907,1.1613903,0.149191041,337860.9988
1.713670175,0.58309275,0.147446778,309166.9325
14.2874649,1.5439608,0.147703637,420633.5372
14.25515345,1.4682601,0.148637866,304823.6805
19.81887614,1.1739362,0.147839903,372713.2561
15.50416345,1.4276994,0.142180053,291339.8399
9.572982625,1.2762423,0.145871696,434646.425
16.85663126,1.68881,0.147764357,419378.8058
10.00122805,1.2904152,0.141551965,218710.6266
10.89346092,1.3823052,0.149251646,321790.3508
1.234009946,0.55830129,0.14168464,363624.1579
13.06830419,1.4782686,0.146116019,233440.3431
12.96007254,1.4025243,0.147656383,219579.2738
18.48242586,1.655473,0.142589502,380620.2545
1.034136146,0.4893804,0.147218694,298744.9255
13.10513888,1.3982889,0.146210634,219099.3026
13.66924333,1.5506371,0.146878435,361079.5003
12.88528071,1.4998858,0.148088319,365311.6152
8.273831535,1.1943817,0.141095724,402918.8438
17.41276671,1.3438217,0.148005923,267366.3701
4.058030026,0.83231215,0.148826165,367586.6227
13.13499281,1.5129394,0.145547385,306370.9401
2.595546223,0.65300582,0.14468552,251435.3216
12.95168807,1.4421174,0.147687052,308548.9949
14.03296445,1.491406,0.14614057,234197.9237
15.18144362,1.5121815,0.141731488,415609.4005
0.4816104,0.431905,0.148872858,313116.3399
18.17310174,1.5732354,0.14486665,254410.5545
14.90505814,1.6035576,0.144514425,273913.0998
14.37312476,1.5658604,0.142128858,291293.8133
16.42527718,1.4687654,0.143868891,223955.1563
12.957272,1.4495344,0.141541052,426065.8348
15.77580253,1.5820813,0.147664059,290404.2353
14.91555412,1.6177852,0.144878892,372383.5521
19.59704054,1.2186462,0.149258732,245139.4953
14.27168425,1.6228363,0.148451917,366661.1841
17.92694107,1.6639758,0.146196831,376187.2438
0.758178302,0.45189902,0.141915914,208124.699
16.07271672,1.648778,0.146857341,408638.3281
18.54002627,1.3981733,0.142879618,231620.4251
5.814334834,0.97230533,0.141897093,368997.9889
15.16958285,1.5444587,0.145217223,315391.2235
16.83560163,1.5248004,0.142038593,239531.5801
18.46116272,1.6927427,0.141496876,380063.7809
19.09534325,1.2769223,0.149316498,356567.3046
13.11486298,1.5090957,0.147574955,287000.1267
4.490239135,0.83086045,0.141153715,238104.9592
16.44040533,1.4387065,0.145557719,344419.1789
18.45269736,1.2725238,0.145251594,375191.7655
14.12714604,1.5907431,0.14592347,312903.5785
15.94904771,1.6664018,0.149289759,415814.1332
17.22445669,1.6031271,0.147186929,290705.0131
14.228264,1.6014542,0.148415865,409264.5712
13.31019793,1.5174507,0.149003215,307722.6131
17.77596854,1.5360044,0.144162248,428633.6558
15.58834911,1.5245569,0.143909456,288675.8578
12.19566166,1.4416314,0.145605464,349100.1932
17.99873065,1.4558625,0.144755738,382631.2935
15.22404348,1.5721105,0.143630983,365583.3969
14.38760605,1.5043971,0.144634865,212747.6037
4.4181252,0.86685035,0.143536509,231996.7583
17.54144317,1.6724801,0.141565258,405625.7211
12.16660001,1.4623414,0.148230565,362524.997
14.917894,1.5155023,0.144378151,338944.4789
12.09694816,1.4468966,0.144547766,312286.3692
9.138992609,1.2341927,0.146168474,303795.7315
12.67502739,1.4847968,0.148013659,332993.3835
19.78365716,1.3915215,0.143726305,317873.6453
16.47716664,1.3958064,0.141649073,279072.9053
17.41075913,1.4523132,0.143879109,350298.7822
14.78056754,1.5485884,0.147277499,426195.8773
18.15513501,1.4253122,0.144130757,334556.2142
12.07111391,1.3824576,0.141341667,243632.5712
18.4025347,1.5176986,0.143357259,271573.4955
1.068866605,0.50158251,0.145821031,280118.3405
14.43798525,1.5708425,0.141560525,323595.9
18.70212693,1.2536364,0.143504572,226070.1581
12.07577446,1.3645679,0.14813229,293317.3318
12.34998413,1.3741834,0.147405768,317394.409
0.204811555,0.41368958,0.145830051,403487.9056
15.09942672,1.3655844,0.141272198,277814.0947
18.02492871,1.4150585,0.145469058,329464.379
17.93025718,1.5265243,0.146269805,384343.8784
9.693133693,1.245476,0.145614808,247625.3504
16.16194468,1.5762396,0.14781884,238341.609
12.53026265,1.3839102,0.140982726,220844.0602
15.87939599,1.5752596,0.143791858,274577.7499
15.76794977,1.5427048,0.145853505,231736.363
17.31396105,1.3534045,0.144148191,232296.4581
13.49395462,1.4869569,0.144785254,302128.8392
16.27836213,1.4096462,0.14908045,243392.1889
12.09050578,1.4044176,0.144984206,406788.0333
16.71055045,1.4439697,0.143123725,404647.0347
18.73548901,1.1072038,0.148484292,216305.8578
13.82052391,1.5895635,0.14256343,388760.8793
17.96352212,1.5136524,0.146880175,211833.1555
18.09447371,1.5457383,0.1417371,398729.1384
19.5898476,1.1696404,0.146999461,264471.9655
12.76464456,1.4588353,0.147056598,350363.5932
14.48196133,1.4920303,0.145893613,337551.4435
13.94665605,1.548195,0.14246471,234702.7704
14.89576277,1.5773585,0.141792935,336262.1246
15.64371343,1.5446098,0.147991621,282336.6054
16.46056602,1.6981194,0.145325063,317155.98
16.1688687,1.6699081,0.146327095,365622.73
16.49925724,1.5197257,0.148369499,243913.2601
19.53124334,1.3113533,0.144650233,285959.7651
16.39788429,1.501135,0.14836058,278851.3303
10.76938951,1.276573,0.145033715,222022.6463
15.44800053,1.6066239,0.144379833,379431.5323
10.42900223,1.3410523,0.143832532,308060.5589
15.40742954,1.5074911,0.144554873,273234.6744
16.60295471,1.6435653,0.143796161,373443.1116
13.49083367,1.5654161,0.141371117,394932.6707
14.40171129,1.4781897,0.145947009,278512.6036
17.83746103,1.6514877,0.141756923,351435.911
17.76842971,1.5102298,0.14566438,275655.5334
2.269721894,0.6368951,0.14886474,394810.2317
16.45161257,1.5108837,0.141479038,323835.2764
5.318654716,0.9138288,0.142227475,346617.1309
3.260630823,0.7084093,0.147495752,273569.1871
4.154465608,0.80588503,0.140955537,419083.7789
12.3119818,1.4168128,0.148895983,325110.3373
13.55861935,1.4663203,0.141986769,244171.3013
10.41747476,1.3087793,0.14368146,265162.6354
13.95948966,1.6076208,0.148272992,434572.8015
7.560509723,1.1090917,0.143378824,223327.609
13.71058843,1.5097947,0.141108541,417338.1071
1.557892226,0.54302208,0.149097851,292945.4478
12.79599272,1.5200837,0.140972413,406256.2697
16.82563417,1.6536268,0.149334766,377434.786
12.50891477,1.3585225,0.146668421,243520.9667
17.50886513,1.4722781,0.148648605,262024.9046
10.49467367,1.3153155,0.14899953,392293.1006
9.353734472,1.2155289,0.145074992,219392.3274
19.96446028,1.5109557,0.147440872,285104.6515
16.36937158,1.6295215,0.144858525,256560.8886
13.33093586,1.4974652,0.14758755,232060.6211
16.39543356,1.5172336,0.142849389,329750.5764
14.1118747,1.5797703,0.146000258,345839.5717
6.722707378,1.0428448,0.142996379,237824.2815
3.743485428,0.7693514,0.141972542,427849.0896
5.965789441,0.94896877,0.141688144,280774.6077
14.93896019,1.517111,0.142446404,248932.6953
19.07454864,1.2772798,0.145855328,218205.5168
16.05307906,1.6834401,0.145039985,402287.3798
10.11497583,1.3259982,0.141581111,320288.9111
14.15155719,1.6305936,0.149124303,431660.7192
14.10703993,1.5468105,0.148075282,313410.6392
14.18748197,1.5371368,0.147093313,303967.157
13.18690917,1.5211049,0.140997468,434242.2221
4.041403866,0.79412698,0.141630189,284683.0651
18.38767705,1.4136573,0.147736063,308695.5167
19.68920783,1.3985828,0.147140156,264800.0724
3.830917207,0.79506419,0.14183348,240040.5864
16.46357512,1.5727228,0.143551544,311817.3178
12.00977658,1.3958538,0.145622819,352373.0433
12.33147155,1.4846893,0.144328546,403214.0831
13.54100476,1.4837234,0.143595969,252176.0061
19.77923491,1.4414519,0.141017201,332824.1686
14.6848344,1.5619813,0.147007508,406565.539
18.66663097,1.4868702,0.14661254,296170.3629
12.42130726,1.4823831,0.14101138,399850.5188
13.70453236,1.5778737,0.145478294,379207.9674
14.69690477,1.451038,0.142292113,332524.0294
0.584879871,0.45898281,0.14144155,362273.6355
17.88204675,1.3435648,0.148908173,406289.4502
14.5450706,1.5361312,0.147193046,321339.6171
12.71316193,1.5164514,0.14235437,260333.5527
8.692791814,1.2323743,0.145714273,393793.6676
19.84254955,1.3544686,0.142154191,395404.7631
17.42883249,1.5591112,0.149375435,416382.23
18.48678369,1.3141793,0.146167741,228186.0039
12.33624872,1.3751506,0.143435887,290611.5562
14.47991025,1.5806544,0.142983138,333559.3585
10.13228538,1.3242124,0.146585084,378721.0277
14.24300583,1.4462098,0.146654816,340178.3388
15.71331442,1.5644396,0.146530793,429213.0254
9.60013671,1.2989718,0.142114151,363423.5242
13.47825887,1.434344,0.141486749,264873.2917
17.38352237,1.5378916,0.144000222,287153.188
16.03862983,1.6258981,0.145114771,398591.0025
16.37779905,1.3751321,0.146271746,317264.6132
18.65568854,1.4083838,0.143569885,359882.2148
19.66434001,1.2929727,0.14916226,319542.1468
2.129907827,0.59024729,0.144596101,269046.9966
12.78902919,1.4072399,0.148499053,341632.7452
3.632638592,0.76191555,0.148399932,249728.5753
17.82237379,1.534658,0.144467695,345177.6089
15.78226382,1.4691252,0.142750375,233516.4611
15.32216635,1.5891863,0.140996147,399154.7647
14.52496353,1.6033951,0.144093324,403282.9405
15.25778753,1.6176909,0.146263568,294471.3963
13.29524542,1.6031709,0.148733759,399981.8788
17.24911117,1.3789859,0.140994457,212581.6419
12.59520608,1.4263493,0.14181054,243345.1132
19.47479988,1.2306725,0.144572685,295992.0363
18.81503251,1.2524987,0.146316287,316693.3227
9.55887474,1.2285481,0.14372754,322073.0231
14.34818476,1.6525427,0.146027767,381824.6998
12.24339626,1.4234257,0.14910906,375529.9478
14.83294357,1.6937338,0.14410891,331028
19.14773583,1.2265076,0.146860658,386161.6795
1.617333885,0.53162433,0.142170594,246667.3536
12.31446198,1.3857252,0.14144029,370561.5354
11.7949269,1.343675,0.149427356,293963.9552
14.23972215,1.5334277,0.145472403,278717.3577
2.115063667,0.63401393,0.14590114,270445.6917
12.71439662,1.4328152,0.145921521,234019.2645
16.97723448,1.6042314,0.143341694,387857.7491
17.47158274,1.5174199,0.14542143,310119.7622
13.45979564,1.4941486,0.14915861,256928.3249
2.798431336,0.66195431,0.148445824,250409.2528
13.89952164,1.4999902,0.145590702,415059.6971
19.61866769,1.2504261,0.142550044,346574.3787
4.351908216,0.82926617,0.148954742,243403.7765
16.61635748,1.4144557,0.145543787,364147.6086
18.91750001,1.490165,0.144998222,232160.7576
12.57014172,1.4636715,0.144990848,343436.8086
11.71660297,1.4302884,0.147336286,353510.7701
19.46637422,1.341688,0.145059906,419043.2472
16.22607081,1.5836306,0.142164301,394757.2566
18.62256064,1.4642884,0.147492327,320354.8368
16.46515484,1.568817,0.147629957,359210.0916
19.41417356,1.5861438,0.14222293,414537.5221
15.34278055,1.5963689,0.141841304,349392.9926
0.025581376,0.3876477,0.147536446,229979.2165
15.10319344,1.5498155,0.148495254,313014.0915
14.0877482,1.508691,0.145832284,303920.2371
0.822242987,0.43887847,0.142770057,205599.4424
13.21919296,1.5059422,0.148245583,375395.8147
1.675455101,0.54349955,0.148168324,307175.8879
13.903854,1.5574911,0.145148307,288610.5475
16.08652875,1.5636733,0.147689856,362949.2869
12.49518482,1.4603862,0.146035436,339046.527
15.64677654,1.4527965,0.141057538,239634.7061
17.78141395,1.6723217,0.14414955,427358.3039
17.74754305,1.5539633,0.14923841,423484.9067
15.5422203,1.4737411,0.143304026,361386.3266
17.56256071,1.4943475,0.141221843,306110.0769
18.57899351,1.5411661,0.14334776,411814.727
18.22695424,1.3800778,0.142257158,243114.1348
12.20306813,1.3938319,0.145439672,308207.1423
17.69206837,1.5422835,0.1481794,397090.0497
18.10745715,1.5043573,0.146443209,378652.4884
15.10966585,1.5173097,0.14694969,222275.7338
17.51751378,1.5458328,0.148408716,261073.3681
12.17519165,1.4139775,0.146974252,303891.6602
17.47310528,1.551461,0.141077194,265375.3886
9.386630493,1.2621713,0.144359229,354268.7358
15.25957386,1.5599632,0.145085432,285579.3769
12.57573522,1.49028,0.143144517,340102.896
14.82819539,1.4789429,0.143655708,324124.3632
13.8425867,1.5797599,0.147768313,331316.056
19.188532,1.5489249,0.14175894,322987.8924
14.97179499,1.5479452,0.146719042,208864.0145
1.395347131,0.558932,0.14920659,409227.5174
13.57297108,1.5291271,0.145497311,296021.1406
13.69309939,1.5561594,0.146029251,396273.5732
17.49203242,1.3794888,0.14367188,225811.5575
14.3472776,1.5329059,0.147125299,345720.3791
16.95538584,1.3726617,0.144670855,226572.3314
19.4893836,1.2626739,0.147573467,304103.2361
7.354985361,1.1065529,0.148859589,377165.7879
12.13142971,1.4156445,0.141213274,320485.3686
12.38612988,1.4635387,0.147860129,371921.0916
18.28696447,1.4238599,0.143538298,353279.8356
12.84045091,1.4588735,0.143034153,301277.583
5.983387609,0.96596799,0.146486715,273164.6301
0.803672745,0.49053648,0.144230147,414461.6056
17.46927818,1.3718174,0.141703881,410678.2328
12.32136297,1.4935159,0.148976655,267928.483
14.99842675,1.4265226,0.143134621,260282.3978
18.4580594,1.3671649,0.142054634,396367.3836
13.39341165,1.4940369,0.142289361,280566.3317
16.43672025,1.5992533,0.1413973,351384.2516
19.43288924,1.2274872,0.142231118,242287.8983
3.009323205,0.69737568,0.147204795,397677.6041
15.85114182,1.5163596,0.141353315,315518.6849
14.60775547,1.5799995,0.141165305,209243.768
17.60360805,1.3787977,0.143494839,288238.9776
2.021541162,0.61289602,0.148269725,414920.2824
5.990443006,0.99885563,0.149367458,432812.3553
14.28263266,1.5575234,0.145520183,388675.5392
17.97604843,1.4160372,0.148990812,295467.3297
17.75389249,1.5887468,0.147358804,384046.4489
18.45680386,1.5523042,0.149422137,424344.3509
16.79645096,1.6195816,0.141185499,268885.7668
12.4738552,1.4633521,0.144885589,398222.7897
16.48484062,1.5393144,0.145243192,312775.4179
14.89337194,1.5136159,0.146820642,370186.5045
13.38766252,1.4833412,0.142085407,298168.3178
0.326389889,0.47407957,0.143181473,370767.7655
13.18223992,1.5320751,0.142336451,431615.4063
14.47607727,1.4925912,0.148046024,333911.9465
16.20452171,1.4960774,0.149324882,255510.7436
12.26491861,1.4366312,0.142815251,276291.0468
12.59575484,1.5030751,0.146083093,341877.2888
17.08325818,1.6103945,0.141692568,405266.9195
10.27423126,1.2738457,0.148634633,209179.6802
15.31439864,1.5270453,0.148150611,345054.2437
17.97982002,1.4365994,0.147122324,281791.154
18.48463515,1.3661117,0.148247423,279583.0077
14.96300377,1.6226004,0.145467064,324545.7255
18.9281917,1.2318873,0.145088575,329772.0327
16.25896571,1.3184257,0.148020189,206438.254
19.02222383,1.2591725,0.142090286,209221.1658
12.30981845,1.3914024,0.147831417,213276.0637
18.54689687,1.5495471,0.145857839,364289.285
16.80165427,1.435939,0.147761613,324706.5668
11.53488316,1.4021764,0.141169345,332116.647
15.79655842,1.5442517,0.145329292,381736.5748
17.66627048,1.6565952,0.145488904,429077.9355
12.47122432,1.4754124,0.141628138,392971.3751
16.06886059,1.603643,0.149029246,405496.0596
18.96755503,1.5331584,0.140975608,399096.7385
13.69772759,1.5223227,0.142534146,332269.9329
14.50607633,1.5281627,0.144903782,303423.869
15.7171321,1.5002714,0.147244425,335082.5115
10.87661633,1.3246097,0.144442236,319279.7416
16.27515537,1.3941713,0.143425119,255065.9576
16.36576491,1.6131739,0.145739638,434544.1093
11.98540674,1.3700384,0.145146181,316733.7304
12.50271913,1.4155618,0.147513146,271588.6573
12.20934856,1.4405715,0.145045632,346839.2275
14.75768455,1.4945598,0.148356129,390520.0934
14.75968033,1.6431778,0.144521967,368449.176
12.10233353,1.4638775,0.141979962,434626.4207
12.05257926,1.3943533,0.144523074,251210.4865
13.72700363,1.5405612,0.145336811,367947.3342
17.94821532,1.4839568,0.143673334,358531.4439
17.3263696,1.5335178,0.147680469,210281.6717
17.7422298,1.5092019,0.14122825,252977.1554
15.81871021,1.7160059,0.144833803,423716.3007
17.58232792,1.5794875,0.146146941,383447.9628
14.36653831,1.5130189,0.14275656,305110.8632
19.5234001,1.1977301,0.142079055,344961.3289
16.84189195,1.4972869,0.146927782,387555.846
17.16512562,1.4187303,0.144604855,306844.9272
12.68868341,1.4128355,0.148004267,326008.0263
15.9616679,1.4197267,0.143545422,410563.7061
12.60621519,1.4400126,0.147708688,426270.8941
12.25669076,1.4143348,0.146273184,335119.5042
16.76608118,1.4817968,0.144623906,329868.9764
0.610656127,0.50159723,0.143997126,388060.6441
12.04336938,1.4013912,0.141207441,254833.129
17.64664209,1.555205,0.149152115,409068.3885
12.34516007,1.4493023,0.145037954,330421.9404
16.45317288,1.7068127,0.14195328,425708.9408
0.673133947,0.45491709,0.143127034,293829.1079
19.84811629,1.4748665,0.142139279,392817.2726
16.71565034,1.5165451,0.149077164,284565.8318
15.14005996,1.4885056,0.146887728,303465.1201
10.33266085,1.3148587,0.141655985,369524.9887
16.5928394,1.4081644,0.142967392,235253.7827
18.33094297,1.5214814,0.14306492,311165.9606
19.12569119,1.484396,0.143179323,424235.6351
2.109833478,0.60579494,0.146848391,416950.9908
18.04068794,1.6060805,0.143026935,420818.0045
13.73970984,1.4048288,0.145131207,239783.4309
18.55436145,1.4270241,0.148715283,207935.0431
14.37631886,1.6234651,0.142236555,321487.1767
18.63673746,1.4397455,0.147316168,389049.9947
12.1618643,1.4458838,0.148420236,410241.5693
15.76890833,1.5962351,0.14780535,382992.7362
10.28762965,1.3409054,0.147645244,366914.0892
19.03446602,1.3953397,0.141781444,417430.0055
19.98037813,1.1914353,0.146265946,257465.8348
18.2963906,1.2785732,0.143809104,266452.582
18.99136813,1.4466971,0.148961573,420974.1279
16.66612853,1.4891421,0.148460328,215903.326
3.613275522,0.72475773,0.148971165,212083.4027
13.23103829,1.4671349,0.145929416,212926.9501
17.07610915,1.5969544,0.147279993,430116.714
14.53405769,1.5847742,0.145675655,323307.5709
9.720831663,1.2359295,0.145254242,214680.1377
0.46100517,0.47794885,0.144376307,389608.583
18.55725781,1.4799275,0.141160177,404802.1944
13.84815496,1.6139042,0.146639649,383509.0455
16.19685995,1.6336406,0.147274277,267775.6025
16.57914054,1.4959302,0.149063412,432721.9749
14.27910872,1.4784054,0.145570427,355432.8636
15.76589182,1.4613064,0.141707734,243256.8752
15.02307705,1.5974675,0.143336814,315008.7417
7.2982013,1.1188677,0.146008097,225466.7394
19.52435029,1.4395749,0.141990624,360972.8316
19.10663688,1.4298132,0.1420966,319723.2343
14.06252328,1.5044034,0.142992866,279080.5199
16.17263706,1.5214554,0.148191611,396129.3381
14.32210378,1.6100536,0.144740115,394970.5152
16.96169207,1.5366184,0.146247978,272111.7588
18.93171448,1.5315061,0.145593506,416283.8215
16.35073518,1.3741381,0.148071567,276467.3392
15.20560103,1.602354,0.148335368,420686.8853
12.29178392,1.4476787,0.148336316,386820.911
19.99429441,1.232921,0.147790637,417446.7592
12.16587492,1.3864842,0.148354119,256914.8968
16.93371415,1.6086712,0.147558,270612.6718
13.52686165,1.5062884,0.144104933,431411.4746
18.42791442,1.5518472,0.142412103,382042.6918
13.06418334,1.3886128,0.144079476,263867.2463
19.98519014,1.5016077,0.148866874,266124.5416
17.15237115,1.559039,0.146050361,369372.5423
18.86741007,1.5132268,0.149223054,365162.7457
15.0087678,1.6052239,0.144180168,392575.1666
16.8873355,1.5478678,0.148574016,412951.2925
13.5796604,1.5306433,0.147068684,224036.3629
17.50317838,1.5302394,0.149068637,257483.4406
10.94945609,1.3059463,0.149351997,244325.8196
14.09163967,1.5266413,0.142064191,334868.7495
15.56690667,1.6160711,0.141827141,340778.89
13.47178938,1.5040082,0.146379973,253802.8042
15.85922275,1.5590939,0.141125892,374710.3225
14.98751554,1.5042077,0.142100498,317498.5356
7.878882222,1.1451429,0.144496368,425549.6988
19.41643708,1.1927633,0.143472884,416488.5205
15.42025155,1.4939897,0.146554015,268386.5338
16.58423546,1.4421386,0.145465949,226970.2417
15.56254763,1.5124422,0.145553231,397908.3218
9.681183485,1.3049401,0.14831338,418086.7006
14.49687231,1.4279964,0.142457893,231083.6287
12.38127701,1.3733281,0.148500513,271705.8809
2.821576727,0.69454276,0.147498081,280139.6423
15.41308303,1.5052084,0.143063337,213778.7937
15.17579036,1.6430065,0.142724741,413888.4965
18.0147644,1.5127904,0.14416471,345565.8517
15.27565923,1.5659301,0.14374949,383676.2712
19.42039236,1.4226392,0.143469916,277476.1523
12.40420725,1.4479797,0.14196783,237636.1679
16.34009585,1.4235925,0.142607706,290122.0599
18.98894119,1.4159745,0.148646802,238933.8423
17.08686291,1.5308943,0.149422514,391880.7518
2.90379179,0.70311753,0.144653721,275134.3155
19.09043958,1.5117227,0.145499397,338513.4785
15.23896016,1.6671069,0.14214339,374178.644
8.438101701,1.1636349,0.148275996,336131.9894
18.90204954,1.3768594,0.148037767,209637.0987
19.08990648,1.1659301,0.141871397,258522.2186
15.2061375,1.6393369,0.146526921,342268.3837
18.71799291,1.5151876,0.146524435,249347.2533
12.70064159,1.4511864,0.144047422,302894.3018
12.82527461,1.4647748,0.142625232,374024.6627
11.86398041,1.4156882,0.145626053,417195.727
14.17767203,1.5809704,0.146095246,389759.6083
15.40149044,1.5438899,0.143457278,209515.8006
8.372297643,1.2015094,0.143965696,372089.2642
14.95241542,1.5965778,0.146667234,268987.8656
14.36524198,1.5824075,0.141700544,333939.5995
19.29024636,1.1294816,0.149304776,339014.1516
12.89790855,1.5325265,0.143998445,421754.1043
19.01416932,1.4772535,0.146154973,211331.3053
12.1061346,1.3885293,0.148474252,250746.0948
2.672718073,0.64658482,0.143439669,289696.2594
13.72436152,1.5058349,0.143794721,430011.0097
18.21075314,1.3646994,0.142384264,281636.9924
15.36228946,1.6405472,0.145827838,360660.2373
13.05388964,1.459125,0.148936617,413736.5427
16.86305696,1.4372107,0.146683286,318524.251
17.90513347,1.395629,0.141697146,409875.7078
12.72842561,1.4513679,0.147767143,384486.3948
12.60447525,1.4825677,0.142467765,330992.7807
3.351566722,0.75659618,0.149089772,334398.7976
14.0939044,1.4139636,0.14852552,228112.64
13.0013047,1.4749509,0.148436417,343603.7153
18.99501305,1.4725027,0.145337969,378235.4908
17.55572022,1.5432236,0.147452168,395128.5965
1.144675096,0.53480951,0.147104874,325517.9992
17.9810692,1.485038,0.148874779,376875.0853
19.35109394,1.0012342,0.146426086,390037.4594
6.688354529,1.0480652,0.14765043,304539.0811
15.18966438,1.5397042,0.149270135,414441.1242
4.285474527,0.88319106,0.146923072,428073.4685
17.52305333,1.4399706,0.144058248,207257.2955
13.81204552,1.5286468,0.148926414,295583.9431
12.58658295,1.419825,0.1419228,398974.291
10.4772285,1.3441589,0.141831701,373840.2966
16.40244526,1.5142828,0.141250034,321273.8134
14.03063794,1.5728311,0.14760098,361020.2766
12.70960058,1.4746865,0.147584936,431943.1518
18.21768105,1.2981443,0.144065766,292543.1497
15.95095336,1.5477847,0.147052886,266417.8547
2.448859825,0.63070813,0.141234474,403767.1579
14.97932718,1.4144337,0.145817966,271931.473
13.66440479,1.5465783,0.141386414,363934.4496
3.609680008,0.76818485,0.142772361,281802.5056
15.76182927,1.6115903,0.148440772,425446.3761
12.88228178,1.5209618,0.147016017,400841.8802
18.96954797,1.3556432,0.148802269,392087.7865
18.01334941,1.4777314,0.146453855,312272.9544
17.17359935,1.3774795,0.144243286,243751.7506
4.691706331,0.82901028,0.14217931,257158.9173
18.36614554,1.5112663,0.143667297,331991.4888
17.33824653,1.5790943,0.144742572,320147.869
17.24184604,1.4490993,0.144663617,297176.8851
1.567864995,0.51756852,0.142788317,388403.854
15.9644482,1.4250862,0.148843962,280714.8793
13.93017576,1.606529,0.141144731,418047.305
10.37099022,1.3634076,0.147890947,408896.4957
16.05566624,1.6574099,0.146890434,356274.0062
15.10186553,1.5590786,0.142334516,360453.9207
16.21143359,1.4353533,0.140979043,252255.1272
18.05906483,1.500357,0.145198499,388975.4732
15.67269866,1.6304474,0.147012935,417530.6088
12.3894898,1.4250267,0.141542694,372183.9405
14.94151924,1.5660422,0.141308127,259429.1254
18.00157568,1.5222479,0.14720163,418669.6236
15.93905645,1.5681205,0.144009767,346661.8006
16.37152559,1.567456,0.142157357,310454.9274
19.06950457,1.4248895,0.142610871,293368.5833
16.77142315,1.3288479,0.144692704,205658.6743
12.72683109,1.5086361,0.142280205,369807.9038
12.28943855,1.3979546,0.145358468,227042.5907
12.87885319,1.4361433,0.14884226,428689.3809
16.79497876,1.4032468,0.142438615,345786.4295
17.33330004,1.5352467,0.142980469,281270.9918
15.90215111,1.506253,0.144018167,386933.9887
17.95964185,1.576214,0.143852088,348014.6379
14.54173925,1.5028522,0.147147008,390408.9432
12.2959551,1.3946169,0.146911326,271465.4176
19.08052353,1.6248844,0.149100373,429793.3455
14.91014032,1.5624339,0.146372611,357806.9052
17.56836004,1.4310892,0.146842655,251658.4514
13.71420503,1.6011201,0.149090695,329251.4768
12.21609986,1.4771447,0.144542999,370777.4185
18.04957438,1.4597706,0.145183183,298667.9629
14.64804901,1.5846275,0.144280249,240468.0369
17.5740749,1.447471,0.148840808,342847.4885
14.31268362,1.4910382,0.148204027,265590.3367
16.04006955,1.5222916,0.14573117,348156.394
13.35531064,1.5043749,0.145292644,299395.4432
17.09751103,1.2768035,0.145792771,247328.7912
13.26085152,1.4508473,0.141562236,241513.8199
12.52566336,1.4813802,0.147770521,367315.6177
16.231058,1.5669612,0.145942339,295117.5657
5.907277726,1.0039438,0.14653442,358012.5008
17.4903445,1.5550049,0.149406813,415947.7232
18.61657805,1.4435506,0.148673855,283136.8976
17.56048447,1.4571334,0.145991734,347071.998
17.57854142,1.4447658,0.147067871,225371.7624
15.97537231,1.5740781,0.145640612,403732.4697
19.5704236,1.4353741,0.146807138,402062.6125
17.11812946,1.660738,0.148513059,381581.3657
17.43974459,1.3802787,0.148806452,253925.7377
18.5801092,1.3884121,0.147144064,273853.2337
13.86896208,1.5066718,0.141310511,290981.8404
17.29001914,1.6457795,0.14927331,344703.2009
14.72185711,1.427262,0.145487114,314515.5044
19.89035289,1.3176248,0.147132904,243873.9271
13.99799326,1.5496757,0.144295909,401087.892
13.26363239,1.5400814,0.145729781,391726.5209
16.86574004,1.5376476,0.14913373,214764.127
3.103816929,0.72841961,0.146419815,215195.2061
12.64226351,1.4538004,0.144628895,213371.8417
16.24574289,1.5710303,0.147288421,428403.2709
13.05051126,1.4703528,0.147023166,349337.4732
13.94967199,1.4182967,0.142039563,223292.6517
19.46491111,1.4813018,0.145150564,363653.4134
1.746274142,0.59074481,0.143761136,404983.1649
16.14138882,1.5285401,0.14394398,420124.0463
2.483470138,0.64932194,0.14658446,394836.808
14.24554119,1.4162523,0.142518313,294869.3078
10.03051473,1.3342867,0.146957393,275360.6938
16.51958738,1.5057995,0.143592098,342016.9828
12.82030172,1.5112826,0.147378618,322626.3081
17.63765356,1.6311158,0.144922454,396611.2134
19.94478361,1.4284864,0.141046684,314723.3983
1.656522929,0.54940526,0.144925554,317348.5187
15.21742073,1.5220476,0.149173349,324352.5734
8.053632915,1.1671338,0.144703316,293880.1606
13.99963808,1.574917,0.145509618,407198.7707
12.01100778,1.3747897,0.149418828,220366.3769
18.6710101,1.3921418,0.141520897,262203.8109
16.71377024,1.5481372,0.143602157,423164.4182
12.92294321,1.5195412,0.148623152,325785.4195
13.59450131,1.608456,0.14217413,425853.7434
1.890165928,0.60580327,0.147812931,377977.6569
18.7144867,1.1193012,0.146284964,211873.0462
12.41473,1.4957003,0.149075686,260467.7323
3.525044325,0.75085852,0.144559187,257773.9574
13.38036911,1.4624383,0.142817597,392358.2509
16.41319858,1.5265437,0.146409319,390315.0445
13.61854856,1.5333311,0.146556066,348752.3026
2.539141885,0.69598792,0.142663782,357094.0964
14.35978197,1.5870384,0.14932003,346397.4185
17.38833792,1.4393642,0.146392625,421070.5529
5.825139749,0.98611795,0.144203582,399655.5647
4.60500344,0.8858117,0.144794267,432357.097
4.838206692,0.83247335,0.149337101,220589.3024
11.5845665,1.3773446,0.149218245,248821.4992
16.4215984,1.6544641,0.141512933,431889.5534
12.18784195,1.3663718,0.145851603,317706.1745
12.80072944,1.4258303,0.14656247,348700.4014
16.61123526,1.5924828,0.147532574,368780.4765
16.27315672,1.6707375,0.146788821,360134.1765
16.98084178,1.6329119,0.149425607,261982.1003
17.2718608,1.5130737,0.14785816,256683.3217
13.20859392,1.5681658,0.149267456,409685.6962
13.77523199,1.5140208,0.143817985,381130.4336
15.75489178,1.408449,0.14344909,382841.297
13.5474943,1.5010505,0.143419758,241591.0226
14.68155541,1.5979752,0.146085394,416394.9581
18.66168245,1.2312272,0.142397529,291231.8906
2.947219532,0.71291893,0.145810698,275412.8015
15.79282259,1.6710392,0.142759979,422562.0908
16.70358072,1.4834653,0.145800218,419490.6169
18.44245433,1.4249247,0.146926525,245619.6288
13.50829716,1.5394135,0.147027523,407428.6343
14.20029371,1.5524707,0.142974471,414890.0557
12.47985267,1.44216,0.142835068,240341.033
17.60877193,1.4962434,0.141702028,400205.1919
16.12403158,1.6274857,0.143207499,351909.397
18.63271801,1.4380481,0.146522707,379236.4231
12.4022699,1.4202522,0.145701252,210775.2532
14.77829527,1.5663202,0.141898097,305202.5411
12.56882663,1.4606936,0.149035888,232710.7978
18.53945456,1.542057,0.143140085,306066.9259
18.89098835,1.2901624,0.144565778,208694.1344
15.2159534,1.5141333,0.145297708,387677.8768
17.41834605,1.6052257,0.143989656,308841.981
13.65516812,1.4934277,0.145860326,320799.7198
18.79063901,1.3676018,0.142337532,401298.2987
16.35262945,1.5393715,0.148985044,333081.7967
18.75516131,1.5559196,0.149339226,394624.8975
13.61324885,1.5583596,0.146048981,407405.5287
17.33036495,1.4303105,0.148328044,215861.4792
17.64864565,1.5385078,0.148217293,430804.6957
1.576851113,0.55110777,0.141638539,281318.2154
18.08590234,1.4619031,0.146327511,382153.9193
14.78401305,1.5541187,0.147722157,326472.5537
15.30974478,1.5640455,0.143529165,329808.8224
15.8471762,1.5139277,0.148705896,235011.6542
7.692118669,1.1340694,0.143576754,368636.2592
17.76058794,1.3851884,0.144233386,275304.6972
2.87535611,0.73597481,0.146300898,379488.0985
5.873795175,0.97055747,0.142576422,215759.2578
16.50688985,1.6493342,0.146827684,386997.3671
16.1391967,1.6129887,0.142927717,224618.8848
14.14269876,1.5788519,0.147350283,415486.0054
12.54640573,1.4340885,0.141621189,432120.5857
16.85270676,1.5405212,0.149397924,394177.2366
15.19746645,1.430502,0.149210572,238967.6497
18.60471546,1.4349526,0.145176445,212425.5238
14.14822634,1.6006611,0.149284592,395068.4526
9.246302069,1.2612873,0.142899406,405188.4035
13.64133745,1.5626179,0.145346967,418566.304
19.93051578,1.5676695,0.147986196,313093.6742
17.46535482,1.4657712,0.147685419,230515.4693
14.92002968,1.5419042,0.147299219,245353.4058
15.70429893,1.5607397,0.14888076,287994.5661
17.6728755,1.4632129,0.143440696,386553.3188
13.11187753,1.4568286,0.144462334,408741.5103
18.06007186,1.432906,0.143635441,249210.8539
12.44997007,1.4523608,0.148233121,336844.9651
3.019706397,0.71553104,0.149384765,341778.4148
19.14213237,1.392386,0.145513604,370154.7707
13.17181909,1.4948787,0.141333805,402162.1911
16.41759061,1.577224,0.1456105,353903.7658
6.214031697,1.0184495,0.143524989,407696.9502
14.21944482,1.5755642,0.143802664,406975.6871
17.18050676,1.6287617,0.146252576,330913.7967
12.76658052,1.4741171,0.144788343,251375.697
15.43940579,1.4571355,0.141726808,382242.3347
19.04687437,1.5428118,0.142512715,410032.5928
12.4163545,1.4526251,0.146769491,385722.4717
2.305851628,0.58686444,0.146581359,246463.5356
12.34179339,1.4595519,0.14358137,361901.8252
18.28244749,1.3311252,0.148350065,215042.1602
13.05664981,1.4905963,0.14478234,251986.2364
14.84275155,1.5227717,0.142689651,260798.9193
12.21358214,1.3424443,0.148916882,262107.316
15.41093974,1.4229216,0.143236244,363408.6902
15.52678106,1.5086346,0.141651304,273389.8741
15.00439024,1.5271158,0.142319612,242091.6977
14.19446133,1.4980953,0.145765702,212034.2568
17.05626802,1.4200992,0.148308577,311631.7561
19.20335168,1.5294581,0.141052449,421089.2383
13.01187114,1.462629,0.147862813,256626.7433
17.14940801,1.4793265,0.148669832,318372.5625
16.7211529,1.5696634,0.144889942,301507.8797
15.15994111,1.6268744,0.142063068,242335.2706
12.90376268,1.5567891,0.148491855,263621.1847
13.44858135,1.5129758,0.148372036,354205.1058
18.69561354,1.4974914,0.143426628,426098.6565
11.29756031,1.3238022,0.143766458,275243.8462
18.74764183,1.4313317,0.142117344,412315.5104
18.54428944,1.552083,0.142010167,427639.135
13.33687685,1.4780033,0.14462653,291653.5891
11.35735771,1.4066499,0.147126771,349531.0685
19.00853312,1.4866246,0.142544077,235462.9619
19.95494015,1.4456412,0.145934183,410526.7578
15.12461116,1.6533422,0.144994185,345071.5814
18.95101579,1.5600339,0.145255345,386414.5304
14.06585212,1.6115684,0.142247801,296291.4665
9.153592413,1.2493692,0.14453638,433166.8357
2.84525098,0.65762063,0.149409403,248901.8252
13.9759268,1.525333,0.145408288,218905.2265
2.615182369,0.65473638,0.143622688,356645.0973
11.2543302,1.3527251,0.145201111,281121.1952
16.26022207,1.6127076,0.147594462,314237.2355
13.47497209,1.5027891,0.142798019,243593.8513
7.804029946,1.1349522,0.145049851,255135.7141
18.41756369,1.0029426,0.147407335,238864.8471
19.55925301,1.5104031,0.142897614,400317.3236
13.04065786,1.486448,0.143286327,350885.5708
12.39830965,1.4016166,0.146219421,327701.2582
15.0828637,1.6220754,0.148053364,335395.0833
16.77271803,1.5460738,0.14939447,433172.3323
12.3655791,1.4109972,0.141715009,314880.2588
6.386280048,1.0147597,0.148412144,373130.2637
3.347110916,0.72507942,0.144308095,299030.8963
12.14485229,1.4278031,0.141210819,407975.7911
15.32558565,1.5921102,0.143697779,431755.4048
14.41614945,1.4542044,0.144910894,220971.4403
13.24313322,1.5507281,0.148529943,244417.8063
6.900897908,1.0540365,0.141961039,206773.6804
3.440502764,0.70664292,0.142894917,242513.9996
17.63109773,1.5554591,0.147203306,341281.4611
18.91987934,1.4743419,0.148897681,293549.0012
17.99033749,1.4684523,0.145734934,266214.758
18.61912218,1.4731623,0.144299555,304598.6082
19.30490168,1.258853,0.14646051,246252.5227
19.62986101,1.3344508,0.14835723,416127.5639
12.95972144,1.5031353,0.142506343,385421.6587
15.78810384,1.604561,0.14271592,413764.0884
12.31854294,1.4678061,0.148345534,296418.2082
16.08040922,1.5772533,0.145703568,376807.7298
15.71137671,1.5473947,0.142276052,350105.0156
11.12068739,1.3558765,0.141197232,364594.9983
17.61882525,1.3271711,0.145635642,315769.7902
18.31902234,1.3229883,0.147401397,297009.7075
16.67483791,1.4689212,0.148667527,263665.1293
6.839582738,1.0582803,0.143285982,394470.422
16.54607282,1.6453036,0.148027888,309250.1429
10.82999396,1.2584185,0.145230293,214050.2274
12.68559687,1.4644906,0.14657396,343699.2118
16.74216338,1.7594863,0.144580651,410444.7874
14.64263565,1.5844501,0.141858618,369761.1853
19.10205603,1.4700414,0.14187599,405838.3941
15.40373335,1.4622348,0.143359001,271185.243
15.17782775,1.6535591,0.141527361,376931.3348
16.11189944,1.6514347,0.148930732,407298.2934
17.46741515,1.5763974,0.14459925,389372.5215
17.51435587,1.3851445,0.14805528,361501.2844
16.02977757,1.4364113,0.144404729,211063.4046
5.528724375,0.9596637,0.146458318,223143.8482
14.06014494,1.52301,0.142901429,374392.5684
14.98183854,1.5127333,0.142308463,341211.3331
16.81633144,1.6607016,0.14304537,306533.2236
13.07126821,1.5264341,0.14551185,351194.2205
18.26675495,1.4669477,0.146643695,404970.6216
13.41940383,1.5829386,0.142503047,422688.7193
13.11324508,1.4638759,0.149328653,282456.218
16.53813339,1.3851467,0.147185872,252440.3386
17.43777048,1.4602709,0.142171561,268777.6095
5.007117214,0.90971418,0.147157803,416836.9055
17.40614939,1.5054034,0.145069673,258274.5503
14.35785533,1.3771455,0.149369923,210026.6485
15.65338762,1.466747,0.143798594,233570.3531
18.4005467,1.3968325,0.141174752,277083.6326
3.640151012,0.78607914,0.147509371,415675.8414
13.56730029,1.4113265,0.148564668,217765.0969
14.23751586,1.5615227,0.141412531,283430.4041
1.155599273,0.5315267,0.142379367,243030.4936
16.52680471,1.6259623,0.145836023,325645.6338
17.18978365,1.5287518,0.146793315,279921.5536
19.60507629,1.3726831,0.148836723,412226.2696
13.41233195,1.4868902,0.143897208,369095.5445
16.91219846,1.5609468,0.149334227,396168.1162
14.28904051,1.5972058,0.144793079,285031.8818
17.9713556,1.3404067,0.141292678,420034.7226
12.99668524,1.4546015,0.148797716,423540.8155
13.72823411,1.5927655,0.143245792,398944.28
13.09602558,1.4825716,0.144510149,337386.8167
2.231732043,0.63389179,0.147004486,299518.4538
17.93923452,1.5456107,0.14924316,375595.4178
14.75287943,1.5383235,0.148789822,221565.9612
12.76852205,1.4747131,0.146740143,325407.3657
17.13949857,1.4253305,0.147129585,283577.9939
19.57461786,1.5289877,0.147159282,338369.234
16.80619122,1.6092878,0.143169219,355915.354
10.67330335,1.3467014,0.144294662,228813.6481
17.3510645,1.3342465,0.143777429,358400.4406
14.01201482,1.5243833,0.14883768,316115.4535
16.264461,1.4205604,0.149083439,255537.2244
13.05920685,1.4976727,0.145971757,379395.4949
14.33053128,1.4484523,0.144583858,422738.4742
15.87311439,1.5319807,0.141434385,414090.8082
17.52735862,1.5227579,0.147626207,289187.4758
18.09767155,1.5245319,0.145283077,400342.2557
10.63662336,1.3317472,0.1492917,337917.0895
16.96274639,1.3474759,0.1463526,236915.8512
14.06600539,1.5995784,0.142000507,294627.9267
11.67968035,1.3547113,0.148692356,386298.6372
2.334849908,0.63210723,0.146250036,234719.5249
16.8885871,1.4373445,0.145741163,304430.1868
15.01076255,1.336829,0.144172303,214081.31
12.66611481,1.4123409,0.142886858,301069.5024
15.37543079,1.6182526,0.149196367,353207.7095
18.70761748,1.4666266,0.14233318,304272.7906
19.01222563,1.3424506,0.146588753,321884.2301
18.51107839,1.4247958,0.141033444,401029.2821
15.30085104,1.5659829,0.141521833,434414.6787
14.338909,1.4198857,0.146481548,315692.3965
13.4039245,1.4815259,0.141409962,331092.7742
14.45081206,1.6146911,0.143037213,404312.5639
17.78524731,1.4423953,0.146512409,400773.9604
14.32967154,1.6022154,0.143253799,425014.6503
15.36560888,1.569165,0.142916865,339391.7091
19.26701173,1.3736065,0.145931535,352072.079
13.48930408,1.5602169,0.143507529,430745.3741
19.6790222,1.2836289,0.144820358,420904.981
17.00510788,1.4127079,0.147437857,233751.5202
13.67995187,1.5493555,0.145520521,324639.2242
2.413503204,0.6243484,0.146254623,214121.2316
17.10950905,1.5236443,0.1473471,317899.077
18.49440313,1.3329214,0.141829929,225308.983
15.59444026,1.5704174,0.141794386,349823.7811
16.78729299,1.3555946,0.144541226,280068.592
2.711301496,0.65037855,0.143279424,364513.2673
12.7916446,1.4739416,0.14225443,310232.9413
12.5385431,1.3973276,0.144806771,224419.1115
17.71761866,1.4288154,0.148577835,261306.6567
15.49581719,1.5351781,0.148594561,306395.0584
3.17671627,0.70673697,0.141903626,209947.7604
16.89642707,1.4657913,0.141325869,238472.4601
14.60832589,1.5364972,0.14828884,413422.9423
13.004129,1.4415971,0.143635713,212675.8075
15.9315008,1.6414491,0.145053377,411200.7988
10.09137127,1.2911488,0.145533835,387621.407
13.86622365,1.4846121,0.148481503,261685.3865
16.51563076,1.5297441,0.142325092,257601.2601
12.06014928,1.4485486,0.146799096,391042.3153
16.48290715,1.5952141,0.14712083,377530.1115
13.02437696,1.4400827,0.14878074,245545.0598
14.3003369,1.5929984,0.144964747,351001.4218
19.76686794,1.3171059,0.147726282,287648.69
12.75676375,1.4470326,0.146674505,303270.7501
18.01714386,1.531745,0.142041468,431974.0492
13.60342567,1.5449164,0.145102077,372138.1717
14.80578761,1.6206415,0.145685408,280417.6409
15.50190728,1.6039897,0.14747417,379950.5952
15.81107395,1.5988257,0.141187376,345911.0258
17.65198169,1.2735231,0.145257336,232413.7795
19.21246516,1.5001476,0.143283598,415760.1646
12.28213577,1.4482693,0.146774455,361334.0967
1.216938833,0.5137076,0.145170849,233296.3417
12.03652088,1.4538721,0.142637455,415030.7316
14.16185163,1.6214997,0.147597678,357148.1464
17.1455768,1.4148491,0.149180352,385493.6052
19.99215242,1.423375,0.148940548,376004.7649
14.97528517,1.5502545,0.146980554,211937.9587
12.22195496,1.3921931,0.147988308,389931.2517
14.24762223,1.4048811,0.143913011,231922.5876
16.55417312,1.6516882,0.145381386,412756.1539
13.66707353,1.5280911,0.142537031,263239.1816
17.26764002,1.5552207,0.143764245,404580.7986
1.587078696,0.55007911,0.142902958,245220.3159
0.061388077,0.40551137,0.141615736,432291.1535
17.20420374,1.5536212,0.144447498,343644.9763
10.67861914,1.3112194,0.142560826,251898.0312
12.01443943,1.3937943,0.143905121,350170.0689
13.95575529,1.5261219,0.141812937,347612.8644
12.03097066,1.4194749,0.146943395,313449.2084
14.10072082,1.6032981,0.144476672,243804.5663
18.85212985,1.4720263,0.144156904,316210.2531
19.1339212,1.2087988,0.148104989,278626.5627
17.01803205,1.5310847,0.143929652,432215.4584
12.59761451,1.3820877,0.147563103,230845.4872
15.4802971,1.5562188,0.141304796,231531.7701
15.66355961,1.3995627,0.144107299,215681.6725
13.03487338,1.4775368,0.146690492,336434.849
16.63157315,1.5825548,0.149388141,341602.8749
14.13886635,1.5446291,0.148905479,281176.1454
19.54826127,1.5205692,0.146119817,292119.2102
12.20689284,1.412245,0.147340391,261725.7458
17.87972064,1.4323983,0.148065083,229399.3782
19.25410641,1.3511809,0.147581322,256848.3529
11.0096753,1.3564762,0.144637846,213450.8046
17.00044121,1.3470105,0.149170177,221852.1603
13.08316394,1.44234,0.143025066,370643.0407
19.53999547,1.4229062,0.146360242,421562.9817
16.49336998,1.4007302,0.147984483,216541.4088
17.02216939,1.5874169,0.143101967,415129.7504
12.4674963,1.3707772,0.14699544,294357.7558
2.031058041,0.61814812,0.147444456,246946.2884
16.47549582,1.3855333,0.148677121,234596.2994
18.56009021,1.4955411,0.145926815,403131.9134
12.58923977,1.426168,0.149022586,257260.6383
9.628970175,1.2968532,0.144215615,391239.6057
13.7770861,1.5807969,0.147001405,276178.1238
12.19309753,1.3968261,0.142667415,349494.6301
17.70749975,1.3992584,0.146565129,347900.9421
17.51851961,1.5635712,0.145160124,341521.083
16.17450824,1.4259812,0.146611917,261244.8325
12.76239582,1.4322176,0.141022953,299045.9066
17.76290772,1.4868058,0.143220563,333414.2783
0.390864144,0.44216345,0.142887966,255719.8382
13.1298305,1.4826919,0.14459234,373602.3529
16.92045103,1.3389554,0.146477649,324259.7753
14.79120165,1.6040377,0.143612607,414398.163
16.33452183,1.5619329,0.145787243,248578.8707
19.24079893,1.4819631,0.149115988,372600.0053
16.38468365,1.5140135,0.142262643,258917.5542
13.42313296,1.4928056,0.142780586,294827.4846
16.23570558,1.5111572,0.148094008,211365.9423
0.619529284,0.4263508,0.145095878,240258.2718
16.68682483,1.6734417,0.146894197,303684.1612
14.81270327,1.5244449,0.148124006,292647.6254
17.61041952,1.3623758,0.14471549,294295.0809
15.8266937,1.5633705,0.148845627,426902.6725
14.71225603,1.5761408,0.144001831,351691.7858
18.42310127,1.4473066,0.145812875,270827.2708
13.21418906,1.515475,0.140955832,352273.5914
17.35703442,1.564054,0.142862832,402571.2331
12.25969848,1.4144358,0.141077799,246080.7125
15.79162143,1.5656948,0.148665339,334139.3095
15.77047261,1.559072,0.14257541,297216.9356
7.506597081,1.0727408,0.14573342,366183.2616
18.59857284,1.4281643,0.148228394,330602.0888
11.57066013,1.4053337,0.144301211,287915.9169
12.65918565,1.4677349,0.148904645,312106.3575
16.56611089,1.3591914,0.145311549,261887.6975
17.32262153,1.5170886,0.148697804,393182.8168
12.6350564,1.4397514,0.149110969,358167.4341
17.62000335,1.5268521,0.146131558,321327.4339
18.1779728,1.3657717,0.141906796,319168.7062
16.62224003,1.6367089,0.147271088,347786.2829
12.09624281,1.4268572,0.143059819,372752.9704
19.31006486,1.4479154,0.141998995,373801.8701
13.95751186,1.4226331,0.147690183,282001.3761
16.30606447,1.3576014,0.145541139,237721.2633
15.17251514,1.6044543,0.143718757,375427.5644
2.493179588,0.66284582,0.147941418,219026.4761
14.58436542,1.5833722,0.148107771,259040.5411
16.99348292,1.3721239,0.143212746,293641.6669
14.12917751,1.6474324,0.147608643,418904.4599
16.20279152,1.625697,0.146806768,277782.4538
15.591054,1.517063,0.146363182,397011.1768
12.95367422,1.507431,0.147037683,302611.8278
13.46238565,1.5625008,0.149250071,398780.5859
14.51042185,1.5960361,0.144420546,344636.5564
19.71641267,1.5513165,0.141150675,283921.7914
19.7483804,1.5585792,0.142583857,284491.5302
18.0281693,1.3467901,0.143437535,206995.5346
12.82715556,1.4281701,0.142489098,353468.3347
18.37799615,1.2484151,0.141482701,238129.7804
15.67112112,1.5624157,0.142345323,379038.1392
14.56159166,1.6265474,0.147784937,433730.287
17.20288383,1.4417897,0.14345104,260032.3819
19.83688109,1.4892975,0.143992878,395254.6163
17.24587943,1.2995863,0.148050466,333820.1608
3.69285808,0.77887619,0.14432261,247430.6104
15.50958192,1.4872551,0.141100587,355091.4494
17.55088938,1.5072789,0.14413871,262722.1837
14.51907156,1.5765521,0.141958822,358564.6617
15.78046213,1.621536,0.144016255,256044.0461
19.37070192,1.4559017,0.148260754,218595.7597
3.75253718,0.79155587,0.143670157,406362.3284
14.65060093,1.4704043,0.1481534,215019.9454
15.43662148,1.5158248,0.141679051,309929.7329
15.53054849,1.5528603,0.144819379,297689.5632
15.30267577,1.5763353,0.142742987,357592.6236
3.201388439,0.73342395,0.141974218,215112.9549
17.45965067,1.4708717,0.144679045,216067.7343
19.5862725,1.4667382,0.143645895,410311.8945
14.49323345,1.6408987,0.146204941,350720.7386
13.89378409,1.5878694,0.143075004,280281.8736
6.327824951,0.97990045,0.147676682,236541.7477
17.06531163,1.386444,0.14395719,364930.8612
12.25198564,1.3542682,0.142176354,224938.0925
3.880390363,0.80310552,0.14662926,212039.999
17.38520663,1.5103851,0.143959596,420737.0715
13.46730605,1.5224135,0.143893309,291442.1483
8.478453522,1.2122369,0.147383848,418791.5732
17.11689144,1.5786699,0.148183059,336663.0405
18.64073783,1.3374477,0.146184486,424793.6474
14.6409602,1.5830262,0.147891896,393225.5449
16.67179878,1.6002647,0.146960882,414182.7904
16.19351349,1.6621716,0.147098383,350673.2666
16.78262665,1.6069654,0.142720665,372864.2895
19.47097642,1.22789,0.141722071,317773.8321
14.61700152,1.6360109,0.143101407,431062.2714
12.95035379,1.4681177,0.141416716,336074.8643
7.705523454,1.1120723,0.145048717,326807.2359
13.472525,1.5340377,0.144651104,307038.2471
15.81364506,1.5824691,0.146180264,315347.5054
15.34522912,1.4039319,0.141705125,250121.3132
13.99022329,1.5338713,0.145156785,346240.3035
12.48971629,1.44722,0.14441374,363245.0035
14.63487836,1.5617325,0.141366723,377484.3275
11.65342968,1.384948,0.148980902,298688.8429
17.94196598,1.4454535,0.149232779,347865.2157
2.187722296,0.60258907,0.148892298,215494.7215
14.22124191,1.5873369,0.144843686,330754.3379
13.95127306,1.557756,0.143463029,337593.5291
17.25188169,1.5504527,0.142718382,364445.1105
15.59642617,1.5909863,0.143185433,370628.7875
18.76645541,1.3499074,0.144886476,421970.1584
18.92115387,1.4546268,0.142109672,376018.6133
1.06446077,0.51537035,0.147404915,292975.1488
17.02613994,1.4883524,0.148830635,315560.2386
17.82609278,1.484324,0.143914621,335977.5103
13.42138883,1.5244763,0.14710863,361192.2393
19.95645889,1.3050198,0.148629007,326500.4183
18.99299346,1.3758975,0.143872896,347456.2902
15.8158054,1.5671235,0.148650243,389631.9003
15.04969372,1.6162036,0.145280415,240112.299
12.05816014,1.4541224,0.143325844,353163.2739
17.59327529,1.5851874,0.141068065,422477.1602
14.2757396,1.5790923,0.145234465,375349.8114
17.50435207,1.3954709,0.147116877,323315.5348
18.53490113,1.55491,0.147531564,393028.4706
19.75348565,1.2693501,0.144898365,354503.6982
13.1526232,1.5123841,0.146446796,246612.153
12.48365604,1.3828233,0.145848554,406201.9932
13.70141299,1.509495,0.145949044,293064.1429
16.1497801,1.4480553,0.14690022,222645.0468
14.89928604,1.417394,0.145482015,220235.7324
15.34652605,1.4191851,0.145123438,260923.0011
17.39398074,1.5377936,0.144426949,221665.569
15.27065877,1.6400936,0.144809291,323959.7353
14.930343,1.4486775,0.142487079,278297.1259
12.28174202,1.4006386,0.142480491,293437.619
13.81990522,1.4911652,0.148599836,306231.5884
19.93478583,1.580148,0.14567427,399365.3005
4.323349529,0.85111387,0.147321253,374645.0709
5.021420747,0.87329638,0.148147849,258174.9303
16.5878702,1.5783521,0.145352397,389428.3567
14.90154611,1.574493,0.14604203,289705.2732
19.1165734,1.5371801,0.144417059,348337.3078
18.37136892,1.4489962,0.145719823,357401.8966
14.4875983,1.5226982,0.145809321,229863.7546
16.90302126,1.5210855,0.145014824,316153.2914
17.85045047,1.3122241,0.146485203,318025.9392
16.32118433,1.5179185,0.141070852,328901.3661
16.33332733,1.4950711,0.144406617,434883.599
9.975317844,1.3176781,0.141690946,345469.9152
12.27544738,1.4042319,0.148293568,377453.4433
12.02461026,1.4390747,0.1484614,407509.9045
17.65541024,1.4683474,0.148161411,303112.361
13.3075761,1.5769596,0.148392979,405405.4079
15.55879582,1.611773,0.144033701,333177.0696
18.9875687,1.279944,0.145021906,223086.143
15.28440516,1.6234647,0.147156043,413847.8414
12.83079342,1.4808234,0.146726452,413017.7403
18.20964015,1.4340113,0.147765524,242583.2394
14.03961037,1.5833348,0.142369696,428578.542
14.50240299,1.5511245,0.141073452,277991.7238
12.67084269,1.4799498,0.146288072,346323.9226
15.49898944,1.4769917,0.147792647,253938.039
14.72693175,1.5481341,0.143372908,299642.7155
5.940763178,0.97868498,0.147145422,305901.8662
16.53580937,1.5062553,0.145564558,347670.7364
18.34611074,1.4535414,0.143029396,401619.3178
18.58624263,1.4656339,0.141525317,416600.3482
19.23582795,1.4578772,0.144896879,347767.9686
12.65416949,1.4922304,0.144324219,367620.9369
14.3885163,1.4944035,0.148409744,256460.6394
15.16624285,1.5251315,0.144353708,284882.1389
12.02781602,1.3820897,0.142265312,227668.8959
13.3087818,1.5190177,0.146194635,308384.8579
19.06359001,1.372492,0.14923592,420324.9281
15.37331635,1.6405231,0.142024291,381959.2574
12.53200873,1.3996864,0.141962557,272520.7016
14.23277599,1.5144153,0.142706018,279139.6931
12.23581817,1.3956371,0.145459362,322506.9313
16.74097583,1.4850764,0.14926917,346126.9913
16.48821685,1.5539507,0.143629799,384003.6986
13.10107559,1.4800213,0.144152588,213980.1523
12.91355434,1.4466022,0.141762019,287585.4295
18.52922958,1.2038314,0.145696543,298485.863
18.23203273,1.4485591,0.146641362,248051.6831
14.80853675,1.5363681,0.14646163,277044.4989
15.82080685,1.5388574,0.142932971,342323.0745
18.15170183,1.5272839,0.145072511,283201.6537
15.18301338,1.5374305,0.14180769,225709.7414
16.75506401,1.6612314,0.142741524,433484.4077
16.92211988,1.5616211,0.147232249,429814.1648
17.23119784,1.2974471,0.146765631,229139.5376
17.08099465,1.4621001,0.146709132,304712.8947
14.04534715,1.4844267,0.145425206,351483.6923
12.22318259,1.4657933,0.144951085,375008.3404
15.64124614,1.5865759,0.144509701,379972.0254
10.73049356,1.3241542,0.146645183,267817.0821
16.60918897,1.4432649,0.141965972,215419.4415
17.46385199,1.3857223,0.142152321,277599.8524
12.77915696,1.4974125,0.147830061,260892.0996
17.89189325,1.585454,0.149296764,327210.6074
18.08387441,1.470793,0.14364775,418850.4072
15.11271372,1.5474838,0.143354035,314483.426
19.01892414,1.3260519,0.148412685,279516.4335
15.31985748,1.4009111,0.143300613,281360.5395
15.51292556,1.4175644,0.142511469,229786.2977
13.19100966,1.4660245,0.146917984,420989.1054
3.964736172,0.80105337,0.148060386,337006.7545
16.62403016,1.5219932,0.148172124,384533.2769
19.16394585,1.4940054,0.142785692,324476.7449
15.47862612,1.441431,0.14920968,340607.6643
16.30386075,1.5761525,0.144320072,328381.7796
8.247628218,1.1719006,0.14277805,355862.6627
14.95591167,1.5217959,0.144145449,266714.8654
18.43241919,1.5280646,0.145366435,409423.9712
17.48444862,1.4993846,0.148194195,326891.6213
16.51338752,1.4907911,0.145097837,211970.6221
19.26529811,1.341863,0.142791187,332090.2468
16.67884741,1.418766,0.148393598,233063.9656
13.40144738,1.4139417,0.141206426,266071.0883
16.02179731,1.5558764,0.148084895,294009.8282
16.86907122,1.5028315,0.14838465,335645.9209
15.31385682,1.6257307,0.147220811,413933.9139
19.73287344,1.4749217,0.145333098,358907.4241
15.37705531,1.4833182,0.141985954,263405.7151
17.95641386,1.4061848,0.143267893,263722.7829
15.68909373,1.5449097,0.14765952,266852.2469
16.73235806,1.5714204,0.145224256,429914.4723
15.1201866,1.6581178,0.146143678,324902.4302
13.39836428,1.5415353,0.14125685,308613.979
18.14412328,1.6404289,0.146563612,293758.2399
18.68616163,1.377577,0.145552005,329350.3499
17.80687785,1.4276615,0.147256424,298111.1249
1.73495649,0.54777782,0.143562477,307729.2975
15.83427792,1.6822607,0.146244745,376905.652
13.08753994,1.4860638,0.143890321,426641.7097
12.59123428,1.4430214,0.148124876,224233.8306
17.68888434,1.399646,0.141335794,221155.8489
15.80955853,1.5150535,0.147928654,409372.2515
11.43120227,1.3741473,0.148280066,298561.6302
16.11887251,1.688974,0.141857149,426695.5567
17.97343801,1.5863306,0.142852839,242771.8758
11.60467534,1.3562399,0.146385031,241041.7748
11.34121965,1.3506677,0.148502388,240164.2908
9.402416945,1.2609097,0.142433616,414968.6668
18.50023072,1.4362255,0.141188966,329101.7245
19.45612038,1.4854957,0.145238974,423683.6594
14.48469415,1.5227929,0.144722278,232466.5421
8.813763183,1.2240185,0.142831692,311430.3987
13.46408365,1.5474537,0.145722432,374467.3894
17.640897,1.3620703,0.149142023,311196.0293
14.67738203,1.4488414,0.147640287,321659.3171
14.68757096,1.4490924,0.146635601,287704.5525
18.4118896,1.4014834,0.144627094,325841.3123
8.558298008,1.1716305,0.147094831,366467.1305
17.91941673,1.4665975,0.147261352,390577.5474
12.24078331,1.3837945,0.145846641,246225.0963
1.717601172,0.60238485,0.147087294,281944.8251
18.20797224,1.3102191,0.143306144,269551.4268
15.90173147,1.5629108,0.146160606,207882.846
16.69773853,1.3610274,0.149019106,261928.3219
19.11431272,1.4319315,0.144468304,263115.2465
14.60504765,1.5540649,0.148669569,296513.8471
16.25245383,1.6579261,0.146908868,409073.0496
19.27677012,1.599244,0.147137409,427011.2776
17.54837403,1.4205033,0.145893278,266573.3734
15.00770738,1.4171653,0.147773799,215976.8445
17.44126935,1.5104889,0.141502414,362607.3522
15.14882666,1.4618237,0.144238087,396845.227
15.36103051,1.5572553,0.145609624,413058.3616
18.44971107,1.4826807,0.142294147,271087.939
16.57102373,1.6097541,0.148695294,408562.7805
12.1225414,1.4682841,0.149179441,366801.2126
16.82943586,1.5216391,0.146125626,428992.1914
16.02590187,1.5987641,0.147843259,399409.6747
16.75377184,1.5666018,0.145341073,285409.2687
16.08544995,1.6730106,0.144429101,338133.6667
18.97812521,1.5780951,0.144912804,337701.3675
17.65691298,1.6570753,0.143584911,343022.0054
12.37602665,1.4901985,0.145437756,260196.636
15.41990368,1.5001839,0.14530784,407463.0107
16.39187936,1.5765762,0.141840017,399467.797
12.52127077,1.453595,0.144198611,287233.2968
18.3481909,1.3960973,0.142217627,363281.7089
11.50027732,1.3481635,0.142573101,428885.7164
14.59858178,1.671344,0.146190814,423401.1466
15.94292753,1.6379405,0.143339035,369529.6487
17.43463345,1.5570728,0.14937163,420274.5719
12.78202931,1.4400868,0.144374142,221543.6124
19.33173213,1.3767812,0.142803818,421391.0443
1.44067016,0.50540217,0.144682269,275069.4246
19.42758631,1.3551124,0.142891052,394294.84
19.84089363,1.2859566,0.14851538,385769.2613
13.69078412,1.5104912,0.140980868,356764.3831
16.42246753,1.5766904,0.142012381,381888.1564
1.902657539,0.58272013,0.148589027,332471.7456
13.43793773,1.5357508,0.145908896,320748.655
0.262398459,0.41800456,0.148485128,352853.692
18.24042339,1.5846189,0.141893268,349164.1253
8.470653571,1.2376499,0.148371182,412183.5826
17.41432738,1.6005981,0.142836064,354802.8722
13.86438724,1.4220846,0.143797614,299602.1426
19.86000213,1.1985797,0.146109967,332036.6439
12.80860735,1.4264419,0.148423023,285640.6481
18.16954631,1.4003376,0.145932739,290239.0645
12.58405957,1.4207495,0.144020512,409455.0708
14.62524321,1.6406603,0.148607246,344429.2131
19.86496847,1.2911067,0.141115857,245054.8401
12.04112941,1.4418831,0.143827641,276392.587
18.30165994,1.4634873,0.145953792,336012.7545
16.40788412,1.5759869,0.143130621,380824.6964
19.14853496,1.2931394,0.142695385,220765.4712
14.42836876,1.4397436,0.144025146,264072.6934
18.64631861,1.442803,0.142303189,422677.148
15.29389147,1.5244196,0.142019671,338228.5016
12.71147716,1.4832478,0.142782501,426265.7188
14.11367598,1.5671299,0.144188543,276001.5122
12.50588546,1.4115767,0.142144097,228499.8466
14.17839663,1.6256242,0.145270995,432788.4714
13.9952919,1.6057821,0.1455746,326430.0579
12.03514182,1.3902148,0.144551798,283223.724
14.81166241,1.5689528,0.145453756,339165.4386
15.02868671,1.5412527,0.142328988,363593.694
13.58353383,1.5374469,0.145031315,373350.0077
17.93364188,1.2674064,0.141287317,219938.1334
13.86090893,1.5274415,0.144014263,301809.6953
18.15773759,1.3136466,0.142540414,310497.4841
13.16300553,1.4565267,0.145578047,303618.3332
15.54436022,1.4441792,0.141172787,281881.5482
15.5320121,1.4578101,0.146698252,420160.5453
15.67457818,1.4971053,0.147048479,428213.8495
9.443420181,1.2300044,0.146796269,293283.3186
12.15269386,1.416138,0.148882629,232640.5984
18.08048295,1.3244952,0.144115486,319976.6552
12.08656164,1.4452431,0.149047172,404875.8097
14.69398219,1.5987813,0.145412313,414835.1935
5.223770545,0.91289841,0.146158413,356427.9231
18.40778705,1.5198929,0.148660655,373869.5609
7.604633602,1.14093,0.147868542,302907.9593
19.35840035,1.3908325,0.141285603,375818.5574
13.23423618,1.4909361,0.146899786,405392.4834
15.16074107,1.4637863,0.145233421,266962.0117
2.424494944,0.60866593,0.141976825,292582.729
13.8303717,1.520576,0.14791187,309633.7044
13.65748278,1.4997223,0.145450242,316637.7565
15.95977205,1.4430182,0.146019047,361571.5881
13.16673758,1.4817244,0.142430598,341911.4913
19.26034718,1.5096016,0.147455475,371585.0532
15.92252633,1.4710674,0.149254075,336527.5654
2.203204471,0.62191421,0.145214331,263044.6139
12.06312716,1.4336193,0.144544782,308260.2679
15.15238378,1.5842195,0.144710739,257215.5351
14.87169138,1.4529344,0.14275245,276431.9465
16.01732693,1.4361599,0.14886068,313255.9859
6.651742393,1.036901,0.141274356,355271.4042
3.902773191,0.81137645,0.146367192,334370.8182
17.60559062,1.5612545,0.143114583,299443.7313
16.49454282,1.4862801,0.143883308,212268.4909
15.46411718,1.6322239,0.142500406,423290.7913
17.38651097,1.5249931,0.141360142,378098.3326
16.09053974,1.5561005,0.147548507,235542.8209
14.55738049,1.5040296,0.141304456,401836.9401
12.54075707,1.4373995,0.145867997,409121.6842
14.17268707,1.5021271,0.145078462,300218.1001
13.01890465,1.5561493,0.146403699,333383.3453
12.08691938,1.4297367,0.146246164,246763.9253
14.15360115,1.4977134,0.141406451,354106.6632
18.72390056,1.3314312,0.14290831,426404.919
14.79980926,1.4974021,0.144087925,331683.3059
14.99149902,1.515589,0.147272808,303008.3162
12.85943312,1.5324807,0.14543415,328585.6168
14.92487301,1.5150163,0.142634762,227752.232
15.84998207,1.5106592,0.141571604,392505.1607
16.20783386,1.5236367,0.141726848,386710.719
4.875034855,0.81843356,0.142045858,291726.7657
0.546443417,0.43606457,0.14687195,238277.6221
12.35883656,1.4402512,0.149349475,297909.1679
13.87942471,1.5653663,0.143150009,381624.3499
19.91700226,1.1583317,0.147424571,301148.3075
18.87064717,1.424408,0.148605214,389996.6163
8.685962994,1.1800477,0.144139271,233470.9929
15.69983926,1.5956599,0.144423986,316371.5505
18.14372983,1.491788,0.145353731,339769.0118
1.352023788,0.52858802,0.145849419,219496.116
18.59566911,1.496981,0.147367188,424901.2214
7.968867925,1.1649998,0.148431764,352197.9167
17.4000618,1.408694,0.148784793,376705.4243
13.33965141,1.4889029,0.147684061,278470.2294
11.71184822,1.3902119,0.14298214,395792.1155
14.07848181,1.4999583,0.145797725,217258.337
13.6464852,1.4306212,0.141312901,252103.9661
2.500817729,0.63058634,0.144642346,249969.4211
16.00141964,1.502276,0.146354324,302535.1075
14.23147737,1.484074,0.14530875,258477.8534
18.11315991,1.424669,0.141772974,247539.7037
12.52599709,1.4488016,0.141322073,326268.3382
16.02221422,1.5184189,0.147611189,268457.5175
14.07253346,1.5577751,0.145761155,378194.7019
18.00369196,1.5093011,0.142395639,272913.9148
14.9607118,1.6009224,0.144875086,431132.4662
1.497344215,0.5459534,0.142548263,212224.9897
16.60500245,1.5089186,0.144644714,255388.7873
18.49223401,1.2989705,0.148948247,311471.2533
18.76904936,1.286247,0.143691209,326631.9936
14.09958953,1.5763908,0.148764329,412533.8772
18.58347756,1.2300441,0.142299108,333321.2692
3.5700694,0.74721044,0.146217619,313900.1947
11.06332987,1.4108757,0.14867838,299316.6863
15.73830218,1.5989986,0.145228751,332163.8777
15.46968188,1.4058229,0.146711395,231300.4088
17.37507428,1.6405857,0.144718098,303396.6591
5.754887787,0.95709201,0.149285126,416172.0087
16.92763744,1.4552804,0.145012235,271163.0419
12.64589126,1.4431938,0.141219033,418035.704
15.38128945,1.5307932,0.148284475,236035.3593
18.39927836,1.3514015,0.141163883,235972.5994
18.96353834,1.3585962,0.148121466,393322.8132
16.8765048,1.6113128,0.145197673,427507.8998
17.04264417,1.5013306,0.146650596,250466.7281
16.31692759,1.4546598,0.147624686,215280.9932
18.25445862,1.4025888,0.146451784,399088.4822
1.529291065,0.54715149,0.145981017,424110.9536
17.53403388,1.4867678,0.142253485,207172.4707
17.40230499,1.6178151,0.141199149,308113.0507
15.74526305,1.5556813,0.142600902,360871.6379
16.52141596,1.5914401,0.143422998,332677.8095
19.74745485,1.5124632,0.143941302,256706.3526
15.13111753,1.5556475,0.14390199,431573.1378
18.65987222,1.5575519,0.145393266,352141.7752
12.33418159,1.4463018,0.143684411,319021.5237
16.83275397,1.5203402,0.1481147,345686.734
18.19020007,1.5525445,0.145058347,213202.2932
14.93752651,1.5776574,0.14524418,315834.2722
16.41039648,1.5432142,0.149102336,236708.3677
19.64039109,1.3134427,0.145313326,342591.1003
18.93569121,1.3536636,0.146045098,356793.1006
15.52004077,1.6205835,0.142868779,387226.4955
17.28388851,1.432246,0.141653743,267022.6703
15.4309052,1.469458,0.149357674,252607.4163
14.17005172,1.5883238,0.146787048,355043.883
18.57609272,1.5129988,0.147914936,393542.9255
19.40180314,1.4122588,0.148778912,320227.1437
13.85817639,1.5600699,0.142403373,400477.9844
17.68737809,1.551574,0.148878224,343054.1414
12.79387254,1.4664762,0.144803219,237977.3399
13.51928039,1.5610957,0.142216314,387958.5379
11.32130962,1.3887931,0.142986504,412392.6831
18.75609587,1.5822718,0.147056099,269333.1756
12.52236916,1.3905614,0.144934444,227552.3151
13.78791102,1.569616,0.146947915,434359.3892
12.71634858,1.4559006,0.143826071,256988.2917
2.522194372,0.65798888,0.144451631,320617.3249
16.53369402,1.5993002,0.14793672,304291.1471
18.82808282,1.5523805,0.144345617,410314.8042
17.05919315,1.6239021,0.147551892,391768.9619
17.78963905,1.6095123,0.147372875,417618.362
14.66118018,1.5271712,0.144703384,258310.6197
19.28477288,1.3521153,0.144489384,409731.9182
3.271818258,0.73767284,0.143188593,284621.3049
13.36817735,1.5319168,0.146538196,240546.8455
17.04761754,1.4525207,0.147980243,352302.035
7.816596858,1.1636497,0.144485904,418628.1122
19.25842945,1.6166158,0.145196491,432666.9454
15.39417302,1.5341807,0.143058578,356523.0423
0.245542195,0.461163,0.147909221,276969.7918
16.01112104,1.605667,0.146261783,268160.2
9.177059069,1.2229322,0.143714885,232536.3558
17.63460046,1.4236544,0.14905557,244221.4377
15.43317524,1.494069,0.141004817,273471.8381
14.50133679,1.570455,0.142795791,351177.9544
15.53927582,1.4494219,0.143196912,274166.4745
2.281174011,0.64055633,0.149012171,415979.7164
12.77179265,1.5043001,0.146920533,337496.7334
13.85758596,1.4917444,0.149070739,216386.1701
13.06358459,1.5142724,0.142136126,260386.4017
18.45424658,1.4057634,0.142161756,371164.6636
16.85016735,1.5858254,0.143180756,386758.3504
14.56523718,1.4987115,0.143884742,434392.7971
18.91558992,1.3928906,0.148919675,302471.9362
12.74584469,1.5043616,0.143782596,401741.3013
18.96596823,1.078166,0.144492792,331239.5035
1.436227516,0.55956476,0.146377681,330766.4014
13.0201796,1.5149248,0.142071501,275345.5522
7.373232426,1.1225974,0.144908391,431195.2755
17.6956734,1.5164151,0.14609251,345571.4371
4.371078617,0.87625777,0.141263104,259520.2084
18.6818053,1.5584833,0.146164117,379631.5163
18.5881041,1.2704874,0.148010942,375122.8239
18.2761111,1.3863825,0.144167122,208526.5812
17.13434112,1.4595945,0.148968248,300144.9583
13.25720836,1.47572,0.145495215,406123.6924
18.36348548,1.3503153,0.144970648,367438.503
14.4820658,1.6460241,0.146313597,290173.7714
13.70225494,1.535626,0.146759205,312663.8991
15.33036085,1.4329762,0.148078625,224999.025
5.775181515,0.96205739,0.141748699,265023.6338
15.31612475,1.4492013,0.148569712,372489.0555
13.12272976,1.4796495,0.143147512,413237.7007
17.96541922,1.4265271,0.141040321,328442.3689
13.63527844,1.452694,0.145047132,371759.0416
14.07583788,1.4873637,0.146479836,256538.92
12.55080806,1.4669727,0.148951273,282397.2545
14.04044957,1.4643921,0.148213235,353072.6728
13.98451442,1.5727254,0.145427963,298392.2107
15.57445719,1.5779925,0.148319155,409925.1131
14.08530417,1.5502453,0.141909315,358039.3904
13.57182665,1.4889452,0.142123534,404933.5793
12.49195342,1.4835869,0.143568519,427118.8607
18.67500174,1.546087,0.145154407,349764.1235
2.913293614,0.71170204,0.145475846,339542.0495
4.752371039,0.88923816,0.142802982,353335.4747
14.24923703,1.573759,0.142286663,429370.3437
14.55473139,1.6609428,0.147836047,317696.0119
19.16040336,1.6680193,0.141362498,427422.708
14.51604108,1.5733832,0.145758882,395466.4941
16.40075805,1.4162208,0.147759811,268655.6165
14.56871279,1.6405236,0.143759397,375959.8085
14.76145105,1.6290043,0.148556107,397279.677
12.63849465,1.4828832,0.143485688,398189.3498
14.32634306,1.6331748,0.141859295,345247.9204
16.16326005,1.6482356,0.143599352,340929.6086
12.77498052,1.494724,0.149108165,268084.6888
3.308017789,0.72014646,0.147646785,239216.501
14.90314475,1.5634383,0.146455668,235942.4141
13.13319631,1.5157101,0.148587695,395760.2263
17.52044999,1.5342162,0.144332178,337324.6038
14.57889765,1.4715781,0.145534972,355394.306
6.992222163,1.0356307,0.148470339,292286.4895
17.10309317,1.3603713,0.147578242,276130.8124
15.76341883,1.5048618,0.142072725,258611.9564
18.73083011,1.4246636,0.14247075,276884.5995
8.604755615,1.1663633,0.145999708,272254.3899
13.83999232,1.5793022,0.144200695,427923.9429
12.91029818,1.4794185,0.144476102,237860.7726
18.16530635,1.4851829,0.145784555,366407.1424
2.738942552,0.64905999,0.14464676,254691.3786
17.69027825,1.2723131,0.14719024,258757.8519
14.36088866,1.4801187,0.141281903,270253.7082
19.41047242,1.4595295,0.141447881,284349.0103
13.60943877,1.4895234,0.144908741,396953.3275
19.28091417,1.1600368,0.142740285,223891.2583
18.07893738,1.3711958,0.146905468,289876.0373
18.07574204,1.4385989,0.147697032,238647.0712
12.90377541,1.441899,0.14599574,288757.3817
19.44656927,1.4182002,0.141931868,283019.0109
13.18820364,1.4283506,0.145193271,218399.0245
15.33366734,1.6712438,0.147692581,366229.8395
13.42995909,1.4941643,0.143850474,295905.0085
18.66240197,1.3640018,0.147479796,239102.2075
17.59690103,1.6135732,0.14113909,357164.1338
17.85507625,1.5564119,0.144329169,238430.3571
14.51205227,1.5688827,0.148253675,418175.1326
17.44930338,1.5890904,0.145174159,398343.6258
16.3260069,1.4509666,0.14924891,220131.6954
19.56902037,1.5183057,0.148220647,268556.2729
18.86105508,1.458464,0.148297628,387540.222
17.77316878,1.6703296,0.148376121,341081.4248
8.862734653,1.2650226,0.141815369,428126.2869
12.06679933,1.3975588,0.145667309,209474.2472
19.12165653,1.4168599,0.14359393,360364.0835
12.61169571,1.5024119,0.143730164,300408.7648
17.20133025,1.5570704,0.144977082,402483.7588
13.14957557,1.4523393,0.149261634,320892.0049
17.92259568,1.3637407,0.143454217,402791.3712
4.093790357,0.79435067,0.148950264,291799.8181
2.651070466,0.67216564,0.146798333,225061.9449
0.882679511,0.47348046,0.144953779,236373.3875
14.19054976,1.5571867,0.143360843,429448.7365
16.80575715,1.7276808,0.147246152,345342.7105
12.11007502,1.4077665,0.147503533,267297.4412
16.49702383,1.5375033,0.143518088,313765.3773
19.3554018,1.5800956,0.141524464,253052.6253
2.975037005,0.71253656,0.148237601,250495.1856
15.28192126,1.5531676,0.142942675,257618.8811
16.80242625,1.5711688,0.148429963,355321.5007
19.79691717,1.4895872,0.141949485,404727.0291
16.40859142,1.5337056,0.143840026,310547.8575
14.25954823,1.4523945,0.141147127,315431.3373
17.62543316,1.4777222,0.142317542,250099.788
14.59625381,1.4742207,0.145404588,306599.3486
19.31362732,1.5777172,0.144263278,347135.2423
14.03432076,1.4973346,0.143616457,343951.8859
12.58162028,1.4635433,0.143876816,387981.1069
15.24736891,1.500333,0.146700882,377818.8856
13.94473375,1.5772782,0.143770761,355756.0497
16.98463094,1.4222324,0.146166042,290725.3478
19.72500291,1.0681247,0.144031311,331684.829
12.11369158,1.4314932,0.144958117,312344.6161
12.7034063,1.4261623,0.144680273,381481.8783
15.4541753,1.6437041,0.143322441,400124.2502
16.22490375,1.5029869,0.147923016,219652.4475
17.10162095,1.5181343,0.141445637,295261.0677
15.22252732,1.5006699,0.142857664,264012.4714
19.01144771,1.3019783,0.146841406,323718.8499
19.13771014,1.2285453,0.147979355,217667.5153
13.33412851,1.462205,0.144063916,250039.1829
3.823275488,0.76809781,0.141835675,240726.549
13.62722224,1.4869622,0.14176634,354395.2094
13.54881702,1.3811063,0.146456877,275811.5982
6.494753167,1.0391949,0.143864837,327798.9668
13.52048357,1.5498662,0.146831033,431725.4677
19.53709179,1.4345845,0.145322049,286914.4997
1.880212656,0.60601969,0.143937266,373085.8816
15.99047433,1.4339801,0.148267178,225645.9396
14.29461179,1.5375476,0.145795451,398086.8445
6.840163179,1.0569071,0.146054889,271345.1978
17.66021607,1.3514952,0.14796107,319602.7303
12.30382574,1.4666723,0.147320025,406700.716
14.7740254,1.5738147,0.147937566,343973.7287
3.276613094,0.74152659,0.141092321,303818.9852
1.972828865,0.56857552,0.148629611,385147.5607
12.22551522,1.4264427,0.148709777,324667.9024
16.44665489,1.5440532,0.146186089,350148.7098
16.21491844,1.6478001,0.147176948,428494.8016
12.70291172,1.5351025,0.148923903,365788.7982
5.460163629,0.97356837,0.147106782,427551.21
13.13855658,1.489655,0.144305357,285916.5172
17.92087945,1.4229019,0.148226333,346079.3842
12.98704197,1.491307,0.14719778,226511.9476
16.15671254,1.6007139,0.146836979,249470.6656
19.98949418,1.4040546,0.148080237,233892.7744
19.03329325,1.4149032,0.14899452,346482.3091
15.42768656,1.643392,0.145339559,414649.0526
10.77506217,1.2798047,0.146593361,242800.6554
16.28646889,1.3305902,0.148931911,255983.8262
17.19625276,1.4392548,0.147932488,338891.5481
17.96782536,1.3785441,0.14799564,341190.851
9.956918627,1.2653759,0.143625522,219179.6759
2.836424568,0.66757216,0.148447725,318755.6467
14.19252812,1.4352893,0.142068266,279188.7224
15.54118599,1.4246453,0.144146329,224482.3144
16.36278293,1.5639233,0.141670458,377353.9208
3.397290349,0.73161269,0.148494124,350252.8561
18.98317653,1.5214446,0.148198001,391529.3029
14.25316484,1.5618599,0.146763502,231887.2078
14.82203724,1.5029494,0.143860133,255483.8587
19.65899335,1.4531136,0.141238492,424708.5914
17.94700271,1.2329229,0.142234104,312826.5668
8.793697604,1.2280224,0.147115411,233391.4933
17.12033121,1.3823459,0.144561159,253512.2746
17.2270001,1.5832689,0.141233146,283499.2209
19.79316924,1.2936135,0.145313988,380123.0267
18.42585714,1.5535637,0.146975441,390829.3453
18.98018492,1.4720507,0.1462336,426949.392
18.88840911,1.3408444,0.141720263,325945.44
15.92194637,1.3997847,0.147135566,289439.3914
16.78016155,1.5447489,0.144502367,408493.6448
13.84167114,1.5231339,0.141755606,290330.6236
14.33751377,1.5674171,0.141043206,307123.3001
15.55177712,1.5534651,0.148435122,433120.3425
15.72366677,1.4368565,0.145120513,398427.1542
9.115591156,1.2355506,0.143259614,234522.5359
15.74292201,1.6370689,0.143156354,319064.9815
17.55878287,1.5921449,0.149227093,403427.191
17.66843121,1.3812736,0.144261741,411995.4951
13.60793285,1.4710369,0.148009296,299974.6494
15.98720401,1.5552935,0.142807877,430267.6442
12.09994185,1.4672838,0.144340807,413275.1013
13.5295991,1.5656204,0.148686351,421850.1484
15.21239426,1.6751298,0.14322334,408956.9671
18.21810557,1.3619342,0.14694044,305489.8425
13.94325836,1.5198091,0.143040838,390097.1649
18.56863949,1.5303043,0.142422595,348664.548
13.99235415,1.5941813,0.147651462,368840.2169
16.12278649,1.4679369,0.142414159,262121.5663
13.82428196,1.5475769,0.142628922,405921.4259
15.13970274,1.6624499,0.148756932,429429.0758
15.88543155,1.5529694,0.141552736,401367.0666
19.89625011,1.3437623,0.148719563,243541.2878
16.16566816,1.5649952,0.149419369,376388.978
13.06122968,1.4744563,0.142842952,384319.653
18.06711016,1.4233672,0.144700658,242039.034
14.80721151,1.5621203,0.145210191,296623.1883
13.71643286,1.5810629,0.147417483,422052.3138
14.60298989,1.4849838,0.142633632,365870.9468
2.695134365,0.67015716,0.148309756,273767.4459
18.89588556,1.4747092,0.14489198,331505.024
14.37980906,1.5703956,0.148887358,382558.9975
13.20034734,1.476361,0.147328197,285768.03
12.41949162,1.4506297,0.141180081,229514.4583
15.44412046,1.5906127,0.141092975,349651.4644
18.90564197,1.6388043,0.147353896,404450.7008
17.91524693,1.5205854,0.142940773,208593.5047
18.10935627,1.4472497,0.145586165,316832.5624
15.88740829,1.6547313,0.149369699,394880.6598
19.04257744,1.4519859,0.141135442,422385.5633
12.51823809,1.4299689,0.143637439,291602.0009
12.66134403,1.471457,0.14178051,221703.2878
15.67737936,1.4809514,0.141357421,230025.5058
18.34302122,1.4100523,0.14181908,240646.1042
14.68994505,1.6353053,0.145094376,375608.9305
14.55024015,1.5379458,0.141736762,268941.2566
12.43400287,1.4454072,0.143427482,404682.1364
13.59253457,1.4559605,0.142688364,355298.4121
13.34148722,1.482643,0.145899572,254652.3927
15.4162229,1.5432858,0.147970349,286888.1301
17.09338128,1.4243446,0.147412164,227304.6425
12.45659212,1.4375953,0.147745375,339261.7054
19.51044983,1.2048772,0.145911947,326043.9982
15.05042023,1.5231199,0.146138602,274844.9447
15.35475546,1.5260526,0.141610357,246365.7866
12.96766188,1.4973868,0.144971237,380524.1612
16.28338556,1.4940777,0.147799262,240288.6151
18.20374759,1.1462293,0.147314519,250951.6618
12.8471694,1.4648432,0.143177513,280259.1239
1.40760028,0.55534372,0.141327172,277943.3968
17.73405303,1.4727177,0.145985675,272744.2459
16.21766374,1.5994952,0.14625966,434103.8014
16.59662098,1.5431123,0.14517887,351559.1873
10.5789115,1.3509794,0.147251769,353033.8379
14.52941958,1.5426296,0.148766582,227088.743
16.73533357,1.4923868,0.146036469,323434.4542
15.62608108,1.5894084,0.144579443,411596.4616
15.77383344,1.5415729,0.14496729,307595.6616
16.41920108,1.5868729,0.141089269,246659.8575
17.95481341,1.4400809,0.143396658,344534.4099
12.49221869,1.411142,0.142765227,236413.5576
12.93159769,1.4978822,0.144851557,429742.2551
18.31204997,1.4223471,0.143295578,426137.721
17.07061591,1.5033006,0.141266984,315130.1336
19.68783861,1.3661594,0.143487396,378303.8709
7.140305596,1.1028508,0.142814952,372672.2218
14.8821216,1.5680489,0.146118161,357571.6044
19.36371749,1.1114164,0.144355108,280188.1742
13.17931837,1.5174514,0.148273767,364337.5487
16.33999604,1.479322,0.143572073,236898.2691
15.05908072,1.6727997,0.142844927,424106.8146
19.05989358,1.4159106,0.142646068,370069.0044
15.25113294,1.4960354,0.147132367,361879.7301
13.73600604,1.5275788,0.146737457,430422.7561
16.64028028,1.3766193,0.142635739,258547.9252
13.88141895,1.5742616,0.144790762,406023.3479
15.85571533,1.4239729,0.144608628,258887.3241
19.13000242,1.4485952,0.145029421,262780.8779
17.84905806,1.5358468,0.146188075,250673.8868
15.62594313,1.5085328,0.148324365,226153.5535
4.214593548,0.83502989,0.143735098,423113.7629
12.21131424,1.4403296,0.142201226,207317.2051
3.378046908,0.77540201,0.145241471,323757.6744
18.67758501,1.5032116,0.144221617,308893.8056
19.38344549,1.3423469,0.140973308,314553.555
12.98450582,1.4316756,0.14508455,426609.401
15.21009419,1.6547572,0.144258578,418449.5159
14.45959312,1.3997276,0.145814251,222066.5056
15.49244749,1.5544919,0.144720579,227143.8014
19.41865259,1.6593491,0.148835445,385868.0427
17.48920162,1.6313141,0.145781985,380237.8071
19.76220269,1.4060952,0.142061637,354964.7285
18.07659757,1.4621392,0.148314529,381933.3362
15.61358463,1.5124459,0.146215306,336378.099
18.97461815,1.3645594,0.149247072,384978.539
9.927912832,1.276782,0.147034208,222466.8232
18.83322947,1.1767122,0.142066602,236127.7361
12.6577508,1.4741618,0.145390896,362753.499
18.77563466,1.427705,0.141640047,286262.1759
4.97679896,0.89273713,0.141959377,232109.7941
19.77207437,1.5846516,0.147547251,403536.0478
11.31692435,1.4235871,0.147788425,366549.2058
12.00793047,1.4030731,0.148575283,408098.016
19.23767771,1.509014,0.146546282,344655.159
17.60147369,1.3217888,0.143707649,249297.5079
15.71520592,1.3707317,0.146521012,207508.0149
1.830553393,0.55918701,0.145523122,302799.3346
19.29615847,1.5022276,0.142840073,329317.1271
18.87757188,1.3122426,0.143856385,228886.6529
18.82587555,1.6718355,0.148745397,429259.4887
14.20515164,1.4513342,0.147775999,221137.5191
12.0177259,1.4375169,0.14422275,311537.8437
0.930046186,0.46773305,0.148287568,270746.5144
14.5771211,1.5739566,0.141687361,322945.0989
14.87731757,1.6310929,0.144546956,348293.2087
17.00371124,1.6053937,0.14380007,396206.3777
17.88510757,1.4894752,0.147239449,330352.2102
18.09162296,1.472835,0.145410467,371467.6986
12.07885066,1.42171,0.147618998,423440.7486
2.630651709,0.66418075,0.141280366,288069.5632
18.28920457,1.3530723,0.146961476,333766.1663
19.10412523,1.5351063,0.143918107,331454.851
3.204750954,0.74589789,0.14365995,329923.9181
2.234945859,0.64363828,0.143417299,330464.3019
2.015694382,0.59620678,0.144719996,324226.8507
14.58816373,1.5509548,0.148089235,426585.513
1.343884322,0.52133951,0.142081792,225227.6204
15.72815806,1.4166318,0.141418658,288861.5891
12.81415571,1.3741003,0.144992865,273620.1328
15.43480575,1.5763323,0.141079879,400799.9327
18.72594412,1.2771404,0.142405102,294092.7836
16.96542303,1.48941,0.141862647,250161.0306
14.91822124,1.6017074,0.142050715,336817.56
17.17445131,1.3546913,0.145141002,324080.0511
18.04770756,1.346085,0.141468428,244303.8608
15.07223059,1.5959475,0.148465641,292745.0274
19.80216772,1.1787359,0.142826207,381031.1235
12.16024719,1.3611195,0.148861566,289397.2788
14.91388875,1.5387788,0.141071317,307241.011
14.435927,1.5689225,0.14265168,404765.4929
16.47816576,1.4941528,0.142212664,421279.1752
15.83243327,1.4466797,0.147236612,355929.9418
15.86872364,1.5298,0.144088905,342233.2497
19.66988865,1.3480177,0.141432596,364052.9736
15.84156472,1.4116188,0.145272901,249426.9188
19.84460995,1.5743994,0.145061754,406629.964
13.48124196,1.5081436,0.147962454,206590.1482
18.8029592,1.3461627,0.149219089,353369.7619
19.51256603,1.1919495,0.141587944,256165.6508
16.5887713,1.5698184,0.143097908,291943.8121
14.36870222,1.4899025,0.145617324,301426.7922
1.139490106,0.49832936,0.144850136,420577.3823
18.16080604,1.4282553,0.143977451,315883.4147
14.03693244,1.5279264,0.143068529,249010.5198
11.08795177,1.3490638,0.143219492,276854.5904
13.50573861,1.5322718,0.148291693,331423.6989
14.20265528,1.562253,0.142878744,362060.1731
18.35341365,1.35146,0.146827276,294548.3483
15.89603034,1.456517,0.14412523,316055.4623
16.18012929,1.3982832,0.14202889,265664.5662
